cycle, time, dist_travelled, sf, vel, acc, req_ped, req_acc, req_vel, C0, C1, C2, C3, C4, C5, T;
1, 0.049, 0, 160, -8.83774e-08, -1.76755e-06, 0.3, 5, 0.0874051, 0, -8.83774e-08, -1.76755e-06, 7.28178, -4.66034, 0.994205, 4.6875;
2, 0.099, -1.60003e-09, 160, -6.95408e-07, -1.21406e-05, 0.550001, 5, 0.0874039, 0, -6.95408e-07, -1.21406e-05, 7.28179, -4.66034, 0.994205, 4.6875;
3, 0.149, -1.30335e-08, 160, -5.06996e-06, -8.7491e-05, 0.800006, 5, 0.0873952, 0, -5.06996e-06, -8.7491e-05, 7.28183, -4.66035, 0.994205, 4.68751;
4, 0.199, -8.8086e-08, 160, -3.68807e-05, -0.000636215, 1.05004, 5, 0.0873323, 0, -3.68807e-05, -0.000636215, 7.28217, -4.66041, 0.994201, 4.68759;
5, 0.249, 0.000926446, 159.999, 0.0564929, 1.13059, 1.2322, 5, 0.207813, 0, 0.0564929, 1.13059, 6.52317, -4.48401, 0.989582, 4.53122;
6, 0.299, 0.00654604, 159.993, 0.207368, 3.0175, 1.31246, 5, 0.465851, 0, 0.207368, 3.0175, 5.05548, -4.01687, 0.934196, 4.29981;
7, 0.349, 0.0213919, 159.979, 0.339041, 2.63346, 1.43462, 5, 0.577544, 0, 0.339041, 2.63346, 5.39043, -4.17012, 0.966031, 4.31676;
8, 0.399, 0.0493166, 159.951, 0.631176, 5, 1.41096, 5, 1.00534, 0, 0.631176, 5, 3.24198, -3.30533, 0.814077, 4.06021;
9, 0.449, 0.0944365, 159.906, 1.02316, 5, 1.41096, 5, 1.4021, 0, 1.02316, 5, 3.21772, -3.34381, 0.834593, 4.00652;
10, 0.499, 0.156645, 159.843, 1.47254, 5, 1.41096, 5, 1.8571, 0, 1.47254, 5, 3.18178, -3.38174, 0.85689, 3.94653;
11, 0.549, 0.236029, 159.764, 1.85001, 5, 1.41096, 5, 2.23938, 0, 1.85001, 5, 3.14462, -3.40808, 0.874455, 3.89738;
12, 0.599, 0.332943, 159.667, 2.16877, 5, 1.41096, 5, 2.56227, 0, 2.16877, 5, 3.10813, -3.42613, 0.88835, 3.85673;
13, 0.649, 0.447491, 159.553, 2.46798, 5, 1.41096, 5, 2.86539, 0, 2.46798, 5, 3.06949, -3.43937, 0.900529, 3.81928;
14, 0.699, 0.57964, 159.42, 2.77281, 5, 1.41096, 5, 3.17426, 0, 2.77281, 5, 3.02565, -3.44898, 0.911995, 3.78179;
15, 0.749, 0.729292, 159.271, 3.10274, 5, 1.41096, 5, 3.50864, 0, 3.10274, 5, 2.97298, -3.45474, 0.923239, 3.74197;
16, 0.799, 0.896279, 159.104, 3.47728, 5, 1.41096, 5, 3.88834, 0, 3.47728, 5, 2.90645, -3.45511, 0.934397, 3.69769;
17, 0.849, 1.08045, 158.92, 3.8738, 5, 1.41096, 5, 4.29044, 0, 3.8738, 5, 2.82796, -3.44796, 0.94417, 3.65184;
18, 0.899, 1.28182, 158.718, 4.23992, 5, 1.41096, 5, 4.66178, 0, 4.23992, 5, 2.74794, -3.43407, 0.951152, 3.61043;
19, 0.949, 1.50055, 158.499, 4.56488, 5, 1.41096, 5, 4.99139, 0, 4.56488, 5, 2.67068, -3.41556, 0.955566, 3.57439;
20, 0.999, 1.73669, 158.263, 4.88578, 5, 1.41096, 5, 5.31693, 0, 4.88578, 5, 2.58848, -3.39132, 0.958152, 3.53944;
21, 1.049, 1.99006, 158.01, 5.23631, 5, 1.41096, 5, 5.67262, 0, 5.23631, 5, 2.49185, -3.35776, 0.958815, 3.50199;
22, 1.099, 2.26047, 157.74, 5.58966, 5, 1.41096, 5, 6.03125, 0, 5.58966, 5, 2.38703, -3.31609, 0.957034, 3.46496;
23, 1.149, 2.54804, 157.452, 5.92338, 5, 1.41096, 5, 6.36998, 0, 5.92338, 5, 2.28104, -3.26919, 0.952933, 3.43066;
24, 1.199, 2.8527, 157.147, 6.26748, 5, 1.41096, 5, 6.71931, 0, 6.26748, 5, 2.16449, -3.21281, 0.946073, 3.39594;
25, 1.249, 3.17437, 156.826, 6.6068, 5, 1.41096, 5, 7.06383, 0, 6.6068, 5, 2.04216, -3.1489, 0.936523, 3.36234;
26, 1.299, 3.51304, 156.487, 6.94621, 5, 1.41096, 5, 7.4085, 0, 6.94621, 5, 1.91231, -3.07639, 0.924024, 3.32934;
27, 1.349, 3.86863, 156.131, 7.28419, 5, 1.41096, 5, 7.75175, 0, 7.28419, 5, 1.77539, -2.99529, 0.90847, 3.29707;
28, 1.399, 4.24111, 155.759, 7.62144, 5, 1.41096, 5, 8.09429, 0, 7.62144, 5, 1.63105, -2.90518, 0.889671, 3.26545;
29, 1.449, 4.63041, 155.37, 7.95736, 5, 1.41096, 5, 8.43552, 0, 7.95736, 5, 1.47947, -2.80595, 0.867502, 3.23451;
30, 1.499, 5.03649, 154.964, 8.29226, 5, 1.41096, 5, 8.77574, 0, 8.29226, 5, 1.32041, -2.69725, 0.841783, 3.20421;
31, 1.549, 5.45928, 154.541, 8.62594, 5, 1.41096, 5, 9.11474, 0, 8.62594, 5, 1.15392, -2.5789, 0.812368, 3.17455;
32, 1.599, 5.89873, 154.101, 8.95839, 5, 1.41096, 5, 9.45252, 0, 8.95839, 5, 0.979924, -2.45065, 0.779097, 3.1455;
33, 1.649, 6.35477, 153.645, 9.28957, 5, 1.41096, 5, 9.78903, 0, 9.28957, 5, 0.798396, -2.31226, 0.741812, 3.11705;
34, 1.699, 6.82734, 153.173, 9.61944, 5, 1.41096, 5, 10.1242, 0, 9.61944, 5, 0.609309, -2.16353, 0.700356, 3.08919;
35, 1.749, 7.31636, 152.684, 9.94796, 5, 1.41096, 5, 10.458, 0, 9.94796, 5, 0.41264, -2.00425, 0.654575, 3.06191;
36, 1.799, 7.82178, 152.178, 10.2751, 5, 1.40839, 4.95721, 10.7675, 0, 10.2751, 5, -0.00453456, -1.54277, 0.495472, 3.11373;
37, 1.849, 8.34352, 151.656, 10.6008, 5, 1.37923, 4.50678, 11.0733, 0, 10.6008, 5, -0.423526, -1.08462, 0.341187, 3.17896;
38, 1.899, 8.88151, 151.118, 10.925, 5, 1.30524, 3.68474, 11.3797, 0, 10.925, 5, -0.805124, -0.681701, 0.210231, 3.24263;
39, 1.949, 9.43567, 150.564, 11.2477, 5, 1.16977, 2.52285, 11.6864, 0, 11.2477, 5, -1.15381, -0.326021, 0.0986506, 3.3048;
40, 1.999, 10.0059, 149.994, 11.5688, 5, 0.957489, 1.04918, 11.993, 0, 11.5688, 5, -1.4734, -0.0109274, 0.00324688, 3.36552;
41, 2.049, 10.5922, 149.408, 11.8884, 5, 0.654318, -0.711319, 12.2993, 0, 11.8884, 5, -1.76718, 0.269141, -0.0785852, 3.42483;
42, 2.099, 11.1944, 148.806, 12.2064, 5, 0.247245, -2.73644, 12.6052, 0, 12.2064, 5, -2.03799, 0.51886, -0.148979, 3.48278;
43, 2.149, 11.8125, 148.188, 12.5227, 5, -0.275391, -5, 12.9105, 0, 12.5227, 5, -2.28829, 0.74218, -0.209691, 3.5394;
44, 2.199, 12.4463, 147.554, 12.8373, 5, -0.775391, -5, 13.215, 0, 12.8373, 5, -2.52021, 0.942454, -0.262176, 3.59474;
45, 2.249, 13.095, 146.905, 13.0942, 5, -1.27539, -5, 13.4641, 0, 13.0942, 5, -2.69816, 1.09164, -0.299964, 3.63923;
46, 2.299, 13.7538, 146.246, 13.2318, 2.75217, -1.6322, -4.86137, 13.4785, 0, 13.2318, 2.75217, 0.15611, -0.704044, 0.186589, 3.77323;
47, 2.349, 14.4157, 145.584, 13.1931, -0.77381, -1.54024, -0.510004, 13.253, 0, 13.1931, -0.77381, 4.4309, -3.20149, 0.806549, 3.96936;
48, 2.399, 15.0657, 144.934, 12.6993, -5, -0.942878, 5, 12.5426, 0, 12.6993, -5, 9.33197, -5.84239, 1.39862, 4.17724;
49, 2.449, 15.6798, 144.32, 11.7537, -5, -0.442878, 5, 11.6172, 0, 11.7537, -5, 10.5104, -7.00195, 1.76702, 3.96258;
50, 2.499, 16.2407, 143.759, 10.6745, -5, 0.0571222, 5, 10.5695, 0, 10.6745, -5, 12.1926, -8.78426, 2.37229, 3.70287;
51, 2.549, 16.7504, 143.25, 9.71385, -5, 0.557122, 5, 9.63005, 0, 9.71385, -5, 13.466, -10.1419, 2.8418, 3.56883;
52, 2.599, 17.2151, 142.785, 8.86619, -5, 1.05712, 5, 8.76824, 0, 8.86619, -5, 13.3555, -9.77338, 2.65379, 3.6828;
53, 2.649, 17.6407, 142.359, 8.27231, -5, 1.55712, 5, 8.16479, 0, 8.27231, -5, 13.2454, -9.49018, 2.51893, 3.76755;
54, 2.699, 18.0438, 141.956, 7.90425, -5, 2.05712, 5, 7.7908, 0, 7.90425, -5, 13.164, -9.30536, 2.43451, 3.82227;
55, 2.749, 18.4344, 141.566, 7.69098, -4.26549, 2.51305, 5, 7.61549, 0, 7.69098, -4.26549, 12.4595, -8.9618, 2.36175, 3.79456;
56, 2.799, 18.8132, 141.187, 7.66663, -0.487054, 2.74962, 5, 7.80284, 0, 7.66663, -0.487054, 8.56747, -7.14657, 2.01955, 3.53869;
57, 2.849, 19.2097, 140.79, 8.1099, 5, 2.69475, 5, 8.55915, 0, 8.1099, 5, 1.40801, -2.75767, 0.856247, 3.22065;
58, 2.899, 19.6234, 140.377, 8.43475, 5, 2.69475, 5, 8.88829, 0, 8.43475, 5, 1.2503, -2.64796, 0.829696, 3.19148;
59, 2.949, 20.0543, 139.946, 8.79491, 5, 2.69475, 5, 9.25332, 0, 8.79491, 5, 1.06651, -2.51503, 0.795965, 3.15972;
60, 2.999, 20.5019, 139.498, 9.12244, 5, 2.69475, 5, 9.58519, 0, 9.12244, 5, 0.891037, -2.38345, 0.761157, 3.13134;
61, 3.049, 20.966, 139.034, 9.4494, 5, 2.69475, 5, 9.91649, 0, 9.4494, 5, 0.707823, -2.24158, 0.722278, 3.10349;
62, 3.099, 21.4466, 138.553, 9.77953, 5, 2.69475, 5, 10.251, 0, 9.77953, 5, 0.514522, -2.08733, 0.678621, 3.07584;
63, 3.149, 21.9436, 138.056, 10.1078, 5, 2.69475, 5, 10.5755, 0, 10.1078, 5, 0.226134, -1.80178, 0.585046, 3.07972;
64, 3.199, 22.457, 137.543, 10.4341, 5, 2.67996, 4.75358, 10.883, 0, 10.4341, 5, -0.213887, -1.31183, 0.417018, 3.14574;
65, 3.249, 22.9867, 137.013, 10.7591, 5, 2.62949, 4.11772, 11.1911, 0, 10.7591, 5, -0.613982, -0.881774, 0.274679, 3.2102;
66, 3.299, 23.5325, 136.467, 11.0825, 5, 2.52589, 3.12623, 11.4994, 0, 11.0825, 5, -0.979016, -0.502797, 0.153613, 3.27313;
67, 3.349, 24.0946, 135.905, 11.4045, 5, 2.35317, 1.809, 11.8077, 0, 11.4045, 5, -1.31307, -0.167661, 0.0502794, 3.33459;
68, 3.399, 24.6726, 135.327, 11.7249, 5, 2.09663, 0.192519, 12.1156, 0, 11.7249, 5, -1.6197, 0.129717, -0.0382126, 3.39462;
69, 3.449, 25.2667, 134.733, 12.0437, 5, 1.74272, -1.69964, 12.4231, 0, 12.0437, 5, -1.90195, 0.394443, -0.114223, 3.45326;
70, 3.499, 25.8766, 134.123, 12.3608, 5, 1.27893, -3.84643, 12.7299, 0, 12.3608, 5, -2.16246, 0.630821, -0.179693, 3.51055;
71, 3.549, 26.5024, 133.498, 12.6762, 5, 0.767399, -5, 13.0359, 0, 12.6762, 5, -2.40351, 0.842492, -0.236222, 3.56653;
72, 3.599, 27.1439, 132.856, 12.9899, 5, 0.267399, -5, 13.3409, 0, 12.9899, 5, -2.62709, 1.03253, -0.285133, 3.62124;
73, 3.649, 27.801, 132.199, 13.3018, 5, -0.232601, -5, 13.6449, 0, 13.3018, 5, -2.83497, 1.20362, -0.327541, 3.67471;
74, 3.699, 28.4736, 131.526, 13.6119, 5, -0.732601, -5, 13.9476, 0, 13.6119, 5, -3.02868, 1.35803, -0.364376, 3.72699;
75, 3.749, 29.1617, 130.838, 13.9161, 5, -1.2326, -5, 14.2451, 0, 13.9161, 5, -3.20728, 1.49596, -0.396024, 3.77745;
76, 3.799, 29.8622, 130.138, 14.0796, 3.26783, -1.62867, -5, 14.3156, 0, 14.0796, 3.26783, -1.07165, 0.178918, -0.0459638, 3.89258;
77, 3.849, 30.5667, 129.433, 14.0626, -0.339322, -1.63498, -1.82248, 14.1123, 0, 14.0626, -0.339322, 3.23478, -2.30464, 0.561675, 4.10315;
78, 3.899, 31.2611, 128.739, 13.6099, -5, -1.02015, 5, 13.4235, 0, 13.6099, -5, 8.38935, -4.97064, 1.13658, 4.37331;
79, 3.949, 31.9214, 128.079, 12.6949, -5, -0.520151, 5, 12.5214, 0, 12.6949, -5, 9.3369, -5.84708, 1.40007, 4.17627;
80, 3.999, 32.5288, 127.471, 11.5924, -5, -0.0201508, 5, 11.4397, 0, 11.5924, -5, 10.7363, -7.23274, 1.84284, 3.92478;
81, 4.049, 33.0835, 126.917, 10.6078, -5, 0.479849, 5, 10.4806, 0, 10.6078, -5, 12.3113, -8.91544, 2.41854, 3.68628;
82, 4.099, 33.593, 126.407, 9.78923, -5, 0.979849, 5, 9.67943, 0, 9.78923, -5, 13.4731, -10.1725, 2.85819, 3.55907;
83, 4.149, 34.0638, 125.936, 9.11017, -5, 1.47985, 5, 8.99072, 0, 9.11017, -5, 13.393, -9.88396, 2.70854, 3.64919;
84, 4.199, 34.5055, 125.495, 8.69312, -5, 1.97985, 5, 8.56775, 0, 8.69312, -5, 13.3261, -9.69285, 2.6147, 3.70706;
85, 4.249, 34.9335, 125.066, 8.44143, -5, 2.47985, 5, 8.31234, 0, 8.44143, -5, 13.2794, -9.57277, 2.55753, 3.74298;
86, 4.299, 35.3477, 124.652, 8.22681, -4.29215, 2.93738, 5, 8.1336, 0, 8.22681, -4.29215, 12.576, -9.21176, 2.47639, 3.71984;
87, 4.349, 35.7711, 124.229, 8.76488, 5, 2.84446, 5, 9.1867, 0, 8.76488, 5, 1.08219, -2.52657, 0.798956, 3.16234;
88, 4.399, 36.2152, 123.785, 9.06946, 5, 2.84446, 5, 9.49433, 0, 9.06946, 5, 0.919965, -2.40544, 0.767064, 3.1359;
89, 4.449, 36.6755, 123.324, 9.37164, 5, 2.84446, 5, 9.79951, 0, 9.37164, 5, 0.752132, -2.27629, 0.731909, 3.11007;
90, 4.499, 37.1523, 122.848, 9.70822, 5, 2.84446, 5, 10.1395, 0, 9.70822, 5, 0.556989, -2.1216, 0.688436, 3.08177;
91, 4.549, 37.6457, 122.354, 10.0404, 5, 2.84446, 5, 10.4724, 0, 10.0404, 5, 0.322212, -1.91105, 0.623318, 3.06593;
92, 4.599, 38.1554, 121.845, 10.3665, 5, 2.8348, 4.83902, 10.7818, 0, 10.3665, 5, -0.126056, -1.40823, 0.449602, 3.13218;
93, 4.649, 38.6814, 121.319, 10.6913, 5, 2.79331, 4.28162, 11.0915, 0, 10.6913, 5, -0.533408, -0.967167, 0.302537, 3.19685;
94, 4.699, 39.2237, 120.776, 11.015, 5, 2.70221, 3.36196, 11.4017, 0, 11.015, 5, -0.905313, -0.578258, 0.177375, 3.26008;
95, 4.749, 39.7821, 120.218, 11.3372, 5, 2.54522, 2.11063, 11.7118, 0, 11.3372, 5, -1.24552, -0.234513, 0.0705972, 3.32184;
96, 4.799, 40.3566, 119.643, 11.6579, 5, 2.30741, 0.554799, 12.0214, 0, 11.6579, 5, -1.55757, 0.0702743, -0.0207779, 3.38216;
97, 4.849, 40.9472, 119.053, 11.9769, 5, 1.97498, -1.28137, 12.3304, 0, 11.9769, 5, -1.84464, 0.341407, -0.0992154, 3.44107;
98, 4.899, 41.5536, 118.446, 12.2943, 5, 1.53521, -3.37634, 12.6387, 0, 12.2943, 5, -2.10945, 0.583358, -0.166739, 3.49863;
99, 4.949, 42.176, 117.824, 12.6101, 5, 1.01897, -5, 12.946, 0, 12.6101, 5, -2.35437, 0.799906, -0.225017, 3.55487;
100, 4.999, 42.8141, 117.186, 12.9241, 5, 0.518973, -5, 13.2524, 0, 12.9241, 5, -2.58147, 0.994254, -0.275428, 3.60985;
101, 5.049, 43.4679, 116.532, 13.2364, 5, 0.0189732, -5, 13.5577, 0, 13.2364, 5, -2.79253, 1.16914, -0.319125, 3.66358;
102, 5.099, 44.1373, 115.863, 13.547, 5, -0.481027, -5, 13.8617, 0, 13.547, 5, -2.98915, 1.32691, -0.35707, 3.71612;
103, 5.149, 44.8221, 115.178, 13.8557, 5, -0.981027, -5, 14.1645, 0, 13.8557, 5, -3.17269, 1.46958, -0.390069, 3.7675;
104, 5.199, 45.5218, 114.478, 14.1033, 4.95085, -1.47808, -5, 14.4048, 0, 14.1033, 4.95085, -3.24743, 1.53379, -0.402518, 3.81049;
105, 5.249, 46.2298, 113.77, 14.1813, 1.55967, -1.7164, -4.07078, 14.3092, 0, 14.1813, 1.55967, 0.954221, -1.00624, 0.251197, 4.00576;
106, 5.299, 46.9362, 113.064, 13.9758, -4.10957, -1.23063, 3.04818, 13.8172, 0, 13.9758, -4.10957, 7.22623, -4.31542, 0.987567, 4.36975;
107, 5.349, 47.6207, 112.379, 13.2827, -5, -0.702205, 5, 13.0857, 0, 13.2827, -5, 8.70948, -5.26098, 1.22234, 4.30401;
108, 5.399, 48.2601, 111.74, 12.215, -5, -0.202205, 5, 12.0323, 0, 12.215, -5, 9.90649, -6.39824, 1.57253, 4.06875;
109, 5.449, 48.8444, 111.156, 11.1628, -5, 0.297795, 5, 10.9992, 0, 11.1628, -5, 11.3792, -7.9043, 2.0679, 3.82239;
110, 5.499, 49.3795, 110.62, 10.2428, -5, 0.797795, 5, 10.1021, 0, 10.2428, -5, 12.9974, -9.68716, 2.69512, 3.59433;
111, 5.549, 49.8707, 110.129, 9.44946, -5, 1.2978, 5, 9.30976, 0, 9.44946, -5, 13.4375, -10.0318, 2.78386, 3.60354;
112, 5.599, 50.3314, 109.669, 9.00602, -5, 1.7978, 5, 8.86109, 0, 9.00602, -5, 13.3775, -9.83718, 2.68522, 3.66345;
113, 5.649, 50.7752, 109.225, 8.76287, -4.86405, 2.28964, 5, 8.6222, 0, 8.76287, -4.86405, 13.208, -9.67304, 2.6234, 3.68722;
114, 5.699, 51.2067, 108.793, 8.45989, -5, 2.791, 5, 8.30832, 0, 8.45989, -5, 13.283, -9.5817, 2.56173, 3.74032;
115, 5.749, 51.6328, 108.367, 8.76356, 5, 2.691, 5, 9.14892, 0, 8.76356, 5, 1.08288, -2.52708, 0.799087, 3.16246;
116, 5.799, 52.0818, 107.918, 9.13166, 5, 2.691, 5, 9.51981, 0, 9.13166, 5, 0.885981, -2.37959, 0.760119, 3.13055;
117, 5.849, 52.5475, 107.453, 9.49611, 5, 2.691, 5, 9.88698, 0, 9.49611, 5, 0.680984, -2.22044, 0.716374, 3.09955;
118, 5.899, 53.0297, 106.97, 9.8184, 5, 2.691, 5, 10.2115, 0, 9.8184, 5, 0.491206, -2.06842, 0.673179, 3.07261;
119, 5.949, 53.5282, 106.472, 10.1406, 5, 2.691, 5, 10.5285, 0, 10.1406, 5, 0.180025, -1.74963, 0.566879, 3.08642;
120, 5.999, 54.043, 105.957, 10.4673, 5, 2.67373, 4.71224, 10.8413, 0, 10.4673, 5, -0.256373, -1.26545, 0.401428, 3.15238;
121, 6.049, 54.5741, 105.426, 10.7927, 5, 2.61889, 4.03797, 11.1542, 0, 10.7927, 5, -0.653433, -0.840189, 0.261188, 3.2168;
122, 6.099, 55.1214, 104.879, 11.116, 5, 2.50919, 3.0114, 11.4663, 0, 11.116, 5, -1.015, -0.466148, 0.142137, 3.27957;
123, 6.149, 55.6848, 104.315, 11.4375, 5, 2.32881, 1.66227, 11.7778, 0, 11.4375, 5, -1.34577, -0.135478, 0.0405524, 3.34082;
124, 6.199, 56.2643, 103.736, 11.7573, 5, 2.0632, 0.0167894, 12.0885, 0, 11.7573, 5, -1.6494, 0.157985, -0.0464576, 3.40063;
125, 6.249, 56.8598, 103.14, 12.0754, 5, 1.69893, -1.90173, 12.3983, 0, 12.0754, 5, -1.92892, 0.41928, -0.121213, 3.45904;
126, 6.299, 57.4712, 102.529, 12.3918, 5, 1.2236, -4.07243, 12.7071, 0, 12.3918, 5, -2.1869, 0.6526, -0.185604, 3.51609;
127, 6.349, 58.0984, 101.902, 12.7064, 5, 0.714323, -5, 13.0148, 0, 12.7064, 5, -2.42573, 0.861648, -0.241233, 3.57184;
128, 6.399, 58.7413, 101.259, 13.0194, 5, 0.214323, -5, 13.3214, 0, 13.0194, 5, -2.64736, 1.04946, -0.289398, 3.62634;
129, 6.449, 59.3999, 100.6, 13.3306, 5, -0.285677, -5, 13.6268, 0, 13.3306, 5, -2.85353, 1.21863, -0.331183, 3.67962;
130, 6.499, 60.074, 99.926, 13.6403, 5, -0.785677, -5, 13.9311, 0, 13.6403, 5, -3.04585, 1.37147, -0.367514, 3.73174;
131, 6.549, 60.7635, 99.2365, 13.937, 5, -1.28568, -5, 14.2229, 0, 13.937, 5, -3.21913, 1.50496, -0.398045, 3.78087;
132, 6.599, 61.4647, 98.5353, 14.0809, 2.87774, -1.65834, -5, 14.2583, 0, 14.0809, 2.87774, -0.585044, -0.115154, 0.0294223, 3.91383;
133, 6.649, 62.1688, 97.8312, 14.0318, -0.979118, -1.58681, -1.09981, 14.0163, 0, 14.0318, -0.979118, 3.96736, -2.70321, 0.652869, 4.14051;
134, 6.699, 62.8604, 97.1396, 13.5255, -5, -0.985598, 5, 13.3122, 0, 13.5255, -5, 8.47004, -5.04325, 1.15789, 4.35557;
135, 6.749, 63.5154, 96.4846, 12.5725, -5, -0.485598, 5, 12.3687, 0, 12.5725, -5, 9.47699, -5.98097, 1.4415, 4.14912;
136, 6.799, 64.1167, 95.8833, 11.479, -5, 0.0144016, 5, 11.2899, 0, 11.479, -5, 10.9, -7.40168, 1.89884, 3.898;
137, 6.849, 64.6661, 95.3339, 10.5151, -5, 0.514402, 5, 10.344, 0, 10.5151, -5, 12.4796, -9.10263, 2.48494, 3.66312;
138, 6.899, 65.1717, 94.8283, 9.72599, -5, 1.0144, 5, 9.56461, 0, 9.72599, -5, 13.4671, -10.1469, 2.84445, 3.56726;
139, 6.949, 65.6407, 94.3593, 9.12085, -5, 1.5144, 5, 8.95407, 0, 9.12085, -5, 13.3945, -9.88872, 2.71092, 3.64773;
140, 6.999, 66.0832, 93.9168, 8.6048, -5, 2.0144, 5, 8.43354, 0, 8.6048, -5, 13.3103, -9.65111, 2.59468, 3.71958;
141, 7.049, 66.5071, 93.4929, 8.37718, -4.55084, 2.48745, 5, 8.22727, 0, 8.37718, -4.55084, 12.8463, -9.3778, 2.52226, 3.71802;
142, 7.099, 66.9183, 93.0817, 8.21069, -3.32884, 2.89167, 5, 8.12308, 0, 8.21069, -3.32884, 11.6244, -8.79825, 2.40855, 3.65293;
143, 7.149, 67.341, 92.659, 8.7555, 5, 2.80839, 5, 9.10472, 0, 8.7555, 5, 1.08708, -2.53016, 0.799884, 3.16316;
144, 7.199, 67.784, 92.216, 9.04278, 5, 2.80839, 5, 9.39311, 0, 9.04278, 5, 0.934447, -2.4164, 0.769996, 3.1382;
145, 7.249, 68.2432, 91.7568, 9.3501, 5, 2.80839, 5, 9.70162, 0, 9.3501, 5, 0.764324, -2.2858, 0.734534, 3.1119;
146, 7.299, 68.7189, 91.2811, 9.68941, 5, 2.80839, 5, 10.0423, 0, 9.68941, 5, 0.568129, -2.13056, 0.69099, 3.08334;
147, 7.349, 69.2112, 90.7888, 10.0206, 5, 2.80839, 5, 10.3738, 0, 10.0206, 5, 0.350852, -1.94377, 0.634836, 3.06185;
148, 7.399, 69.7199, 90.2801, 10.3462, 5, 2.80029, 4.86503, 10.6875, 0, 10.3462, 5, -0.0993159, -1.43772, 0.459617, 3.12809;
149, 7.449, 70.2449, 89.7551, 10.6709, 5, 2.76152, 4.33144, 11.0015, 0, 10.6709, 5, -0.508951, -0.99321, 0.311074, 3.19284;
150, 7.499, 70.7862, 89.2138, 10.9946, 5, 2.67423, 3.43363, 11.3156, 0, 10.9946, 5, -0.882892, -0.601321, 0.184672, 3.25615;
151, 7.549, 71.3437, 88.6563, 11.3169, 5, 2.52204, 2.20245, 11.6292, 0, 11.3169, 5, -1.22485, -0.255055, 0.0768706, 3.31798;
152, 7.599, 71.9172, 88.0828, 11.6375, 5, 2.28993, 0.66527, 11.942, 0, 11.6375, 5, -1.53847, 0.0519116, -0.0153659, 3.37836;
153, 7.649, 72.5069, 87.4931, 11.9565, 5, 1.96406, -1.1536, 12.254, 0, 11.9565, 5, -1.82694, 0.32495, -0.0945354, 3.43734;
154, 7.699, 73.1124, 86.8876, 12.274, 5, 1.53164, -3.23253, 12.5649, 0, 12.274, 5, -2.09304, 0.568601, -0.162691, 3.49497;
155, 7.749, 73.7338, 86.2662, 12.5898, 5, 1.01397, -5, 12.8748, 0, 12.5898, 5, -2.33915, 0.78665, -0.221511, 3.55129;
156, 7.799, 74.371, 85.629, 12.9039, 5, 0.51397, -5, 13.1835, 0, 12.9039, 5, -2.56728, 0.982297, -0.272382, 3.60633;
157, 7.849, 75.0238, 84.9762, 13.216, 5, 0.01397, -5, 13.4907, 0, 13.216, 5, -2.77915, 1.15822, -0.316446, 3.6601;
158, 7.899, 75.6922, 84.3078, 13.5262, 5, -0.48603, -5, 13.7963, 0, 13.5262, 5, -2.97638, 1.31682, -0.354687, 3.71263;
159, 7.949, 76.3761, 83.6239, 13.8342, 5, -0.98603, -5, 14.1001, 0, 13.8342, 5, -3.16025, 1.46006, -0.387906, 3.76394;
160, 7.999, 77.0745, 82.9255, 14.0787, 4.88366, -1.47905, -5, 14.3355, 0, 14.0787, 4.88366, -3.1457, 1.46766, -0.385237, 3.80977;
161, 8.049, 77.781, 82.219, 14.1532, 1.48009, -1.70656, -3.95907, 14.2416, 0, 14.1532, 1.48009, 1.06767, -1.07637, 0.268715, 4.00561;
162, 8.099, 78.4856, 81.5144, 13.9426, -4.22571, -1.2008, 3.29719, 13.7508, 0, 13.9426, -4.22571, 7.36539, -4.38984, 1.00382, 4.37312;
163, 8.149, 79.1677, 80.8323, 13.2448, -5, -0.676026, 5, 13.0191, 0, 13.2448, -5, 8.7478, -5.29614, 1.23283, 4.29591;
164, 8.199, 79.8045, 80.1955, 12.182, -5, -0.176026, 5, 11.9654, 0, 12.182, -5, 9.94774, -6.43885, 1.58544, 4.06125;
165, 8.249, 80.3862, 79.6138, 11.1297, -5, 0.323974, 5, 10.9253, 0, 11.1297, -5, 11.4314, -7.95981, 2.08678, 3.81439;
166, 8.299, 80.919, 79.081, 10.2264, -5, 0.823974, 5, 10.0366, 0, 10.2264, -5, 13.0296, -9.72401, 2.70851, 3.59017;
167, 8.349, 81.4116, 78.5884, 9.54172, -5, 1.32397, 5, 9.35333, 0, 9.54172, -5, 13.4481, -10.0707, 2.80416, 3.59135;
168, 8.399, 81.8735, 78.1265, 8.96684, -5, 1.82397, 5, 8.77491, 0, 8.96684, -5, 13.3715, -9.81942, 2.67643, 3.66885;
169, 8.449, 82.3155, 77.6845, 8.73561, -4.61207, 2.3007, 5, 8.56179, 0, 8.73561, -4.61207, 12.9597, -9.5603, 2.60309, 3.67268;
170, 8.499, 82.7456, 77.2544, 8.45494, -5, 2.80458, 5, 8.25935, 0, 8.45494, -5, 13.282, -9.57931, 2.5606, 3.74103;
171, 8.549, 83.1714, 76.8286, 8.77929, 5, 2.70458, 5, 9.09228, 0, 8.77929, 5, 1.07467, -2.52104, 0.797525, 3.16108;
172, 8.599, 83.62, 76.38, 9.1424, 5, 2.70458, 5, 9.45595, 0, 9.1424, 5, 0.880081, -2.37509, 0.758904, 3.12963;
173, 8.649, 84.0851, 75.9149, 9.50516, 5, 2.70458, 5, 9.81919, 0, 9.50516, 5, 0.67576, -2.21631, 0.715219, 3.09879;
174, 8.699, 84.5669, 75.4331, 9.82608, 5, 2.70458, 5, 10.1403, 0, 9.82608, 5, 0.486589, -2.06467, 0.672097, 3.07198;
175, 8.749, 85.0651, 74.9349, 10.147, 5, 2.70458, 5, 10.4569, 0, 10.147, 5, 0.171006, -1.73945, 0.563341, 3.08773;
176, 8.799, 85.5797, 74.4203, 10.473, 5, 2.68688, 4.70512, 10.7738, 0, 10.473, 5, -0.263689, -1.25748, 0.398755, 3.15353;
177, 8.849, 86.1107, 73.8893, 10.7984, 5, 2.6313, 4.02439, 11.0909, 0, 10.7984, 5, -0.660062, -0.833217, 0.258931, 3.21791;
178, 8.899, 86.6581, 73.3419, 11.122, 5, 2.52055, 2.99157, 11.4072, 0, 11.122, 5, -1.02142, -0.459625, 0.140099, 3.28072;
179, 8.949, 87.2216, 72.7784, 11.4437, 5, 2.33882, 1.63643, 11.7223, 0, 11.4437, 5, -1.35192, -0.129434, 0.0387296, 3.342;
180, 8.999, 87.8014, 72.1986, 11.7639, 5, 2.07156, -0.0149227, 12.0366, 0, 11.7639, 5, -1.65542, 0.163703, -0.0481217, 3.40185;
181, 9.049, 88.3972, 71.6028, 12.0825, 5, 1.70535, -1.93925, 12.3497, 0, 12.0825, 5, -1.93487, 0.424748, -0.122748, 3.46032;
182, 9.099, 89.0089, 70.9911, 12.3994, 5, 1.2278, -4.11581, 12.6617, 0, 12.3994, 5, -2.19288, 0.657918, -0.187044, 3.51745;
183, 9.149, 89.6365, 70.3635, 12.7145, 5, 0.718954, -5, 12.9724, 0, 12.7145, 5, -2.43166, 0.866749, -0.242565, 3.57326;
184, 9.199, 90.2799, 69.7201, 13.0279, 5, 0.218954, -5, 13.2816, 0, 13.0279, 5, -2.65318, 1.05431, -0.290618, 3.62781;
185, 9.249, 90.9389, 69.0611, 13.3395, 5, -0.281046, -5, 13.5895, 0, 13.3395, 5, -2.85923, 1.22323, -0.332297, 3.68113;
186, 9.299, 91.6135, 68.3865, 13.6495, 5, -0.781046, -5, 13.8959, 0, 13.6495, 5, -3.05136, 1.37578, -0.368517, 3.73327;
187, 9.349, 92.3034, 65.1966, 13.9471, 5, -1.28105, -5, 14.1898, 0, 13.9471, 5, -5.87399, 2.35565, -0.392455, 8.47087;
188, 9.399, 93.0052, 64.4948, 14.0928, 2.91312, -1.65583, -5, 14.2336, 0, 14.0928, 2.91312, -3.87451, 1.47301, -0.228122, 9.23667;
189, 9.449, 93.71, 63.79, 14.0467, -0.92057, -1.82147, -5, 13.9999, 0, 14.0467, -0.92057, -0.614377, 0.228416, -0.0284054, 12.6678;
190, 9.499, 94.4025, 29.3537, 13.5448, -5, -1.698, -3.62207, 13.2965, 0, 13.5448, -5, 1.3843, -0.255505, 0.0235797, 10.8358;
191, 9.549, 95.0587, 64.9413, 12.5936, -5, -1.11178, 5, 12.3573, 0, 12.5936, -5, 9.45259, -5.95757, 1.43424, 4.15381;
192, 9.599, 95.6612, 64.3388, 11.4984, -5, -0.611777, 5, 11.2703, 0, 11.4984, -5, 10.8716, -7.37233, 1.88908, 3.9026;
193, 9.649, 96.2118, 63.7882, 10.5384, -5, -0.111777, 5, 10.3202, 0, 10.5384, -5, 12.437, -9.05506, 2.46803, 3.66895;
194, 9.699, 96.7199, 63.2801, 9.82828, -5, 0.388223, 5, 9.61648, 0, 9.82828, -5, 13.4766, -10.1882, 2.86665, 3.55403;
195, 9.749, 97.1986, 62.8014, 9.32626, -5, 0.888223, 5, 9.11251, 0, 9.32626, -5, 13.4224, -9.97892, 2.75663, 3.61997;
196, 9.799, 97.6532, 62.3468, 8.85282, -5, 1.38822, 5, 8.63732, 0, 8.85282, -5, 13.3533, -9.76722, 2.65078, 3.68466;
197, 9.849, 98.0841, 61.9159, 8.37673, -5, 1.88822, 5, 8.15958, 0, 8.37673, -5, 13.2666, -9.54135, 2.54278, 3.75234;
198, 9.899, 98.4907, 61.5093, 7.86347, -5, 2.38822, 5, 7.64471, 0, 7.86347, -5, 13.1544, -9.28447, 2.42513, 3.82844;
199, 9.949, 98.8668, 61.1332, 7.3078, -5, 2.88822, 5, 7.08744, 0, 7.3078, -5, 13.0113, -8.99214, 2.29696, 3.9148;
200, 9.999, 99.2485, 60.7515, 7.93216, 5, 2.78822, 5, 8.20701, 0, 7.93216, 5, 1.49111, -2.81373, 0.869289, 3.23682;
201, 10.049, 99.6508, 60.3492, 8.23175, 5, 2.78822, 5, 8.50613, 0, 8.23175, 5, 1.34974, -2.71763, 0.846706, 3.20965;
202, 10.099, 100.069, 59.931, 8.52367, 5, 2.78822, 5, 8.79748, 0, 8.52367, 5, 1.20581, -2.61626, 0.821798, 3.18358;
203, 10.149, 100.504, 59.4961, 8.87489, 5, 2.78822, 5, 9.14813, 0, 8.87489, 5, 1.02439, -2.48385, 0.787837, 3.15275;
204, 10.199, 100.956, 59.0444, 9.20705, 5, 2.78822, 5, 9.4796, 0, 9.20705, 5, 0.844399, -2.34775, 0.7515, 3.12409;
205, 10.249, 101.424, 58.5763, 9.53434, 5, 2.78822, 5, 9.80609, 0, 9.53434, 5, 0.658891, -2.20297, 0.711476, 3.09633;
206, 10.299, 101.908, 58.0918, 9.8631, 5, 2.78822, 5, 10.134, 0, 9.8631, 5, 0.464246, -2.04648, 0.666842, 3.06891;
207, 10.349, 102.409, 57.591, 10.1907, 5, 2.78822, 5, 10.457, 0, 10.1907, 5, 0.110473, -1.67131, 0.539723, 3.09662;
208, 10.399, 102.926, 57.074, 10.5165, 5, 2.76731, 4.65154, 10.7764, 0, 10.5165, 5, -0.31876, -1.19766, 0.37874, 3.16221;
209, 10.449, 103.459, 56.5407, 10.841, 5, 2.70617, 3.92276, 11.0951, 0, 10.841, 5, -0.70939, -0.781465, 0.242221, 3.22625;
210, 10.499, 104.009, 55.9914, 11.1639, 5, 2.58772, 2.84639, 11.4129, 0, 11.1639, 5, -1.06609, -0.414343, 0.125987, 3.28878;
211, 10.549, 104.574, 52.9261, 11.4855, 5, 2.13072, -2.97558, 11.7282, 0, 11.4855, 5, -5.88339, 2.46793, -0.432502, 8.02006;
212, 10.599, 105.155, 52.3448, 11.8055, 5, 1.61048, -5, 12.0479, 0, 11.8055, 5, -6.13676, 2.64431, -0.475064, 7.83496;
213, 10.649, 105.752, 51.7477, 12.1239, 5, 1.11048, -5, 12.3659, 0, 12.1239, 5, -6.40513, 2.83583, -0.522416, 7.65209;
214, 10.699, 106.365, 51.1348, 12.4405, 5, 0.610478, -5, 12.6822, 0, 12.4405, 5, -6.68961, 3.04402, -0.575166, 7.47143;
215, 10.749, 106.994, 50.5062, 12.7553, 5, 0.110478, -5, 12.9967, 0, 12.7553, 5, -6.99142, 3.27058, -0.634017, 7.29293;
216, 10.799, 107.638, 49.8619, 13.0682, 5, -0.389522, -5, 13.3092, 0, 13.0682, 5, -7.31187, 3.51741, -0.699765, 7.11659;
217, 10.849, 108.298, 49.202, 13.3789, 5, -0.889522, -5, 13.6195, 0, 13.3789, 5, -7.65234, 3.7866, -0.773317, 6.9424;
218, 10.899, 108.973, 48.5269, 13.6528, 5, -1.38952, -5, 13.8929, 0, 13.6528, 5, -7.98722, 4.05913, -0.849803, 6.78095;
219, 10.949, 109.658, 47.8416, 13.7598, 2.12861, -1.71724, -5, 13.8605, 0, 13.7598, 2.12861, -4.55775, 2.18261, -0.417204, 7.58096;
220, 10.999, 110.345, 47.1554, 13.6319, -2.57979, -1.78124, -4.83467, 13.5031, 0, 13.6319, -2.57979, 0.164062, 0.0511385, -0.0106651, 12.1269;
221, 11.049, 111.014, 27.1357, 13.023, -5, -1.6628, -3.4018, 12.7748, 0, 13.023, -5, 1.43976, -0.276389, 0.026529, 10.4184;
222, 11.099, 111.641, 23.0613, 12.0055, -5, -1.48967, -1.84813, 11.7575, 0, 12.0055, -5, 1.56178, -0.32522, 0.0338614, 9.60444;
223, 11.149, 112.215, 19.1429, 10.9381, -5, -1.22981, -0.143711, 10.6903, 0, 10.9381, -5, 1.71418, -0.39179, 0.0447734, 8.75052;
224, 11.199, 112.739, 16.207, 10.0645, -5, -0.875913, 1.70775, 9.81678, 0, 10.0645, -5, 1.86299, -0.462764, 0.057475, 8.05157;
225, 11.249, 113.227, 14.3037, 9.45506, -5, -0.422326, 3.67775, 9.20753, 0, 9.45506, -5, 1.98306, -0.524339, 0.0693199, 7.56405;
226, 11.299, 113.687, 12.8851, 8.97396, -5, 0.0908968, 5, 8.72656, 0, 8.97396, -5, 2.08938, -0.582068, 0.0810773, 7.17916;
227, 11.349, 114.125, 11.5692, 8.50339, -5, 0.590897, 5, 8.25613, 0, 8.50339, -5, 2.205, -0.648272, 0.0952962, 6.80271;
228, 11.399, 114.538, 10.3254, 8.03327, -5, 1.0909, 5, 7.78617, 0, 8.03327, -5, 2.33404, -0.726367, 0.113025, 6.42662;
229, 11.449, 114.928, 9.15422, 7.56399, -5, 1.5909, 5, 7.31707, 0, 7.56399, -5, 2.47885, -0.819294, 0.135394, 6.05119;
230, 11.499, 115.295, 8.03465, 7.08636, -5, 2.0909, 5, 6.83965, 0, 7.08636, -5, 2.64593, -0.933457, 0.164657, 5.66909;
231, 11.549, 115.635, 6.71395, 6.47782, -5, 2.5909, 5, 6.23142, 0, 6.47782, -5, 2.89449, -1.11708, 0.215558, 5.18226;
232, 11.599, 115.959, 41.5414, 6.66485, 3.74154, 2.37031, 1.73177, 6.84783, 0, 6.66485, 3.74154, -3.29687, 1.1496, -0.170053, 9.39215;
233, 11.649, 116.303, 41.1972, 7.07396, 5, 1.90934, -3.01782, 7.31801, 0, 7.07396, 5, -4.79599, 1.86378, -0.308433, 8.36991;
234, 11.699, 116.665, 40.835, 7.43424, 5, 1.38952, -5, 7.67801, 0, 7.43424, 5, -5.02476, 2.01465, -0.343118, 8.14912;
235, 11.749, 117.044, 40.4565, 7.74281, 5, 0.889517, -5, 7.9863, 0, 7.74281, 5, -5.23966, 2.16063, -0.377622, 7.95477;
236, 11.799, 117.439, 40.0611, 8.09257, 5, 0.389517, -5, 8.33575, 0, 8.09257, 5, -5.49315, 2.33708, -0.420382, 7.74416;
237, 11.849, 117.851, 39.6488, 8.42311, 5, -0.110483, -5, 8.66597, 0, 8.42311, 5, -5.75224, 2.52272, -0.46664, 7.54446;
238, 11.899, 118.28, 39.2199, 8.7558, 5, -0.610483, -5, 8.99831, 0, 8.7558, 5, -6.03075, 2.72786, -0.519161, 7.34614;
239, 11.949, 118.726, 38.7744, 9.08844, 5, -1.11048, -5, 9.33059, 0, 9.08844, 5, -6.329, 2.95384, -0.578641, 7.15012;
240, 11.999, 119.186, 38.3139, 9.32015, 4.63313, -1.58847, -5, 9.54423, 0, 9.32015, 4.63313, -6.10613, 2.88081, -0.568145, 7.12376;
241, 12.049, 119.654, 37.8462, 9.37432, 1.08244, -1.85709, -5, 9.42579, 0, 9.37432, 1.08244, -2.13413, 0.873645, -0.142046, 8.93958;
242, 12.099, 120.117, 13.1413, 9.06274, -5, -1.67298, -2.94531, 8.81531, 0, 9.06274, -5, 2.06891, -0.570719, 0.0787178, 7.25019;
243, 12.149, 120.552, 10.9087, 8.25707, -5, -1.43503, -0.69165, 8.0099, 0, 8.25707, -5, 2.27078, -0.687526, 0.104081, 6.60566;
244, 12.199, 120.939, 8.30068, 7.20273, -5, -1.06477, 1.88904, 6.95596, 0, 7.20273, -5, 2.60318, -0.90354, 0.156805, 5.76218;
245, 12.249, 121.276, 6.38184, 6.31558, -5, -0.543938, 4.82865, 6.06926, 0, 6.31558, -5, 2.96885, -1.17521, 0.232601, 5.05246;
246, 12.299, 121.578, 5.34352, 5.77901, -5, -0.0422245, 5, 5.53304, 0, 5.77901, -5, 3.2445, -1.40357, 0.303592, 4.62321;
247, 12.349, 121.856, 4.54255, 5.32831, -5, 0.457776, 5, 5.08268, 0, 5.32831, -5, 3.51894, -1.65106, 0.387331, 4.26265;
248, 12.399, 122.111, 3.80451, 4.87629, -5, 0.957776, 5, 4.63106, 0, 4.87629, -5, 3.84514, -1.97134, 0.505339, 3.90103;
249, 12.449, 122.343, 3.12997, 4.42293, -5, 1.45778, 5, 4.17818, 0, 4.42293, -5, 4.23927, -2.39619, 0.677205, 3.53835;
250, 12.499, 122.553, 2.50914, 3.96006, -5, 1.95778, 5, 3.71592, 0, 3.96006, -5, 4.73477, -2.98907, 0.943506, 3.16805;
251, 12.549, 122.737, 1.90676, 3.45214, -5, 2.45778, 5, 3.20885, 0, 3.45214, -5, 5.43142, -3.93337, 1.42425, 2.76171;
252, 12.599, 122.922, 34.5782, 3.83968, 5, 2.1281, 1.17214, 4.08488, 0, 3.83968, 5, -3.86115, 1.33671, -0.200724, 9.08344;
253, 12.649, 123.122, 34.3782, 4.19567, 5, 1.69662, -2.82936, 4.44066, 0, 4.19567, 5, -4.03744, 1.44288, -0.223099, 8.84097;
254, 12.699, 123.339, 34.1606, 4.5217, 5, 1.17491, -5, 4.76647, 0, 4.5217, 5, -4.21111, 1.5505, -0.246414, 8.61897;
255, 12.749, 123.574, 33.9258, 4.85959, 5, 0.674914, -5, 5.10412, 0, 4.85959, 5, -4.40219, 1.67214, -0.273472, 8.39309;
256, 12.799, 123.826, 33.6737, 5.22461, 5, 0.174914, -5, 5.46887, 0, 5.22461, 5, -4.6209, 1.8153, -0.306216, 8.15582;
257, 12.849, 124.095, 33.4046, 5.56169, 5, -0.325086, -5, 5.80568, 0, 5.56169, 5, -4.8394, 1.96274, -0.340944, 7.93673;
258, 12.899, 124.382, 33.1182, 5.89981, 5, -0.825086, -5, 6.14352, 0, 5.89981, 5, -5.07392, 2.12561, -0.380405, 7.72;
259, 12.949, 124.685, 32.8151, 6.21966, 5, -1.32509, -5, 6.46306, 0, 6.21966, 5, -5.31359, 2.29705, -0.423151, 7.51499;
260, 12.999, 125.001, 32.4994, 6.38276, 3.26188, -1.7208, -5, 6.54155, 0, 6.38276, 3.26188, -3.46215, 1.38257, -0.232416, 8.31389;
261, 13.049, 125.32, 26.7003, 6.32287, -1.19785, -1.85612, -4.83021, 6.26319, 0, 6.32287, -1.19785, 0.170197, -0.0161216, 0.00076355, 21.1141;
262, 13.099, 125.625, 5.38603, 5.80196, -5, -1.61779, -1.63316, 5.55597, 0, 5.80196, -5, 3.23167, -1.39249, 0.300005, 4.64156;
263, 13.149, 125.893, 3.73911, 4.8342, -5, -1.21972, 2.19563, 4.589, 0, 4.8342, -5, 3.87862, -2.00582, 0.518655, 3.86736;
264, 13.199, 126.111, 2.4458, 3.90977, -5, -0.691674, 5, 3.6657, 0, 3.90977, -5, 4.79568, -3.06648, 0.98039, 3.12781;
265, 13.249, 126.292, 1.82016, 3.37283, -5, -0.191674, 5, 3.12969, 0, 3.37283, -5, 5.55913, -4.12052, 1.5271, 2.69826;
266, 13.299, 126.45, 1.36997, 2.92615, -5, 0.308326, 5, 2.68404, 0, 2.92615, -5, 6.40774, -5.47455, 2.33863, 2.34092;
267, 13.349, 126.585, 0.975823, 2.46959, -5, 0.808326, 5, 2.22893, 0, 2.46959, -5, 7.59234, -7.68582, 3.89022, 1.97568;
268, 13.399, 126.697, 0.636864, 1.99509, -5, 1.30833, 5, 1.7566, 0, 1.99509, -5, 9.39805, -11.7765, 7.37839, 1.59607;
269, 13.449, 126.784, 0.3435, 1.46522, -5, 1.80833, 5, 1.23077, 0, 1.46522, -5, 12.7967, -21.834, 18.6269, 1.17218;
270, 13.499, 126.85, 0.548217, 1.33515, -2.60136, 2.16441, 5, 1.20976, 0, 1.33515, -2.60136, 3.8013, -3.70315, 1.80377, 2.05301;
271, 13.549, 126.921, 30.579, 1.54285, 4.15396, 1.99133, 2.53618, 1.74746, 0, 1.54285, 4.15396, -2.48147, 0.708183, -0.0888571, 10.7387;
272, 13.599, 127.004, 30.4956, 1.9166, 5, 1.6592, -0.805077, 2.16241, 0, 1.9166, 5, -3.36807, 1.07649, -0.151038, 9.61722;
273, 13.649, 127.105, 30.3949, 2.24086, 5, 1.1604, -4.28091, 2.48651, 0, 2.24086, 5, -3.50457, 1.15365, -0.166333, 9.3784;
274, 13.699, 127.223, 30.2768, 2.5558, 5, 0.653206, -5, 2.80127, 0, 2.5558, 5, -3.64565, 1.23554, -0.182989, 9.14855;
275, 13.749, 127.359, 30.1411, 2.86489, 5, 0.153206, -5, 3.11018, 0, 2.86489, 5, -3.79298, 1.32332, -0.20131, 8.92491;
276, 13.799, 127.512, 29.9878, 3.18383, 5, -0.346794, -5, 3.42892, 0, 3.18383, 5, -3.95436, 1.42204, -0.222453, 8.69744;
277, 13.849, 127.683, 29.8172, 3.53899, 5, -0.846794, -5, 3.78384, 0, 3.53899, 5, -4.14459, 1.54167, -0.248788, 8.45085;
278, 13.899, 127.87, 29.6297, 3.88634, 5, -1.34679, -5, 4.13095, 0, 3.88634, 5, -4.34425, 1.67107, -0.278128, 8.21281;
279, 13.949, 128.07, 29.4299, 4.04018, 3.07676, -1.7314, -5, 4.19095, 0, 4.04018, 3.07676, -2.46698, 0.831368, -0.120061, 9.54253;
280, 13.999, 128.273, 7.58909, 3.95763, -1.65109, -1.82073, -4.48607, 3.87572, 0, 3.95763, -1.65109, 0.516615, -0.107764, 0.0112395, 9.58793;
281, 14.049, 128.461, 1.88394, 3.43142, -5, -1.43961, 0.879523, 3.18816, 0, 3.43142, -5, 5.46421, -3.98102, 1.45021, 2.74513;
282, 14.099, 128.611, 1.00227, 2.50284, -5, -0.898405, 5, 2.26205, 0, 2.50284, -5, 7.4915, -7.483, 3.73726, 2.00227;
283, 14.149, 128.714, 0.425424, 1.63061, -5, -0.398405, 5, 1.39462, 0, 1.63061, -5, 11.4987, -17.6295, 13.5144, 1.30449;
284, 14.199, 128.781, 0.183626, 1.07129, -5, 0.101595, 5, 0.842329, 0, 1.07129, -5, 17.5023, -40.8439, 47.6575, 0.857032;
285, 14.249, 128.82, 0.0254637, 0.398934, -5, 0.601595, 5, 0.201788, 0, 0.398934, -5, 47.0003, -294.537, 922.889, 0.319147;
286, 14.299, 128.823, 0, -0.00653261, -5, 1.10159, 5, -nan, 0, 0, 0, 0, 0, 0, 0;
287, 14.349, 128.823, 0, -6.3155e-05, 0.129389, 1.29383, 5, -nan, 0, 0, 0, 0, 0, 0, 0;
288, 14.399, 128.823, 0, -2.14377e-05, 0.000834347, 1.54508, 5, -nan, 0, 0, 0, 0, 0, 0, 0;
289, 14.449, 128.825, 28.675, 0.109217, 2.18477, 1.61477, 4.17961, 0.217429, 0, 0.109217, 2.18477, -0.824248, 0.154836, -0.0129139, 16.0031;
290, 14.499, 128.836, 28.6638, 0.363299, 5, 1.37173, 1.28171, 0.609668, 0, 0.363299, 5, -2.91894, 0.844156, -0.108253, 10.421;
291, 14.549, 128.864, 28.6361, 0.794506, 5, 1.0031, -1.76352, 1.04069, 0, 0.794506, 5, -3.0682, 0.921924, -0.122492, 10.0858;
292, 14.599, 128.909, 28.5912, 1.14769, 5, 0.474444, -4.93819, 1.39371, 0, 1.14769, 5, -3.19939, 0.99244, -0.135804, 9.81534;
293, 14.649, 128.971, 28.5291, 1.4935, 5, -0.0261741, -5, 1.73935, 0, 1.4935, 5, -3.33626, 1.06811, -0.150492, 9.55434;
294, 14.699, 129.05, 28.4496, 1.80454, 5, -0.526174, -5, 2.05023, 0, 1.80454, 5, -3.46768, 1.1428, -0.16538, 9.32125;
295, 14.749, 129.148, 28.3525, 2.09976, 5, -1.02617, -5, 2.34528, 0, 2.09976, 5, -3.60043, 1.22021, -0.181209, 9.10127;
296, 14.799, 129.261, 28.2391, 2.34705, 4.94587, -1.52293, -5, 2.58979, 0, 2.34705, 4.94587, -3.66495, 1.26698, -0.19156, 8.95518;
297, 14.849, 129.384, 28.1165, 2.46211, 2.3012, -1.86154, -5, 2.57547, 0, 2.46211, 2.3012, -1.36525, 0.360793, -0.0413044, 11.9277;
298, 14.899, 129.505, 0.986897, 2.25585, -4.12516, -1.50923, 0.529743, 2.05656, 0, 2.25585, -4.12516, 5.65759, -5.17286, 2.36483, 2.18741;
299, 14.949, 129.603, 0.368364, 1.51732, -5, -0.955783, 5, 1.28235, 0, 1.51732, -5, 12.3573, -20.3603, 16.7732, 1.21386;
300, 14.999, 129.656, 0.0493889, 0.555591, -5, -0.455783, 5, 0.344701, 0, 0.555591, -5, 33.7479, -151.856, 341.654, 0.444472;
301, 15.049, 129.664, 0, -0.0390205, -5, 0.0442173, 5, -nan, 0, 0, 0, 0, 0, 0, 0;
302, 15.099, 129.664, 0, -0.000446242, 0.771485, 0.197928, 5, -nan, 0, 0, 0, 0, 0, 0, 0;
303, 15.149, 129.664, 0, -2.8328e-07, 0.00891917, 0.455108, 5, -nan, 0, 0, 0, 0, 0, 0, 0;
304, 15.199, 129.664, 27.8364, 2.71858e-08, 6.20931e-06, 0.705197, 5, 3.37646e-07, 0, 2.71858e-08, 6.20931e-06, -3.93456e-09, 1.24658e-12, -1.75533e-16, 9468.89;
305, 15.249, 129.664, 27.8364, 3.36044e-08, 1.28375e-07, 0.955197, 5, 4.00231e-08, 0, 3.36044e-08, 1.28375e-07, -1.16966e-11, 5.32854e-16, -1.07888e-20, 65852.8;
306, 15.299, 129.664, 27.836, 0.0209748, 0.419497, 1.17586, 4.93048, 0.0418627, 0, 0.0209748, 0.419497, -0.0696637, 0.00577373, -0.000212581, 36.2301;
307, 15.349, 129.667, 27.8334, 0.0834919, 1.25012, 1.32991, 4.5695, 0.145546, 0, 0.0834919, 1.25012, -0.362287, 0.0522722, -0.00334845, 20.8365;
308, 15.399, 129.674, 27.8263, 0.225761, 2.84272, 1.32505, 3.31494, 0.366326, 0, 0.225761, 2.84272, -1.26149, 0.277745, -0.0271266, 13.6778;
309, 15.449, 129.687, 27.8126, 0.29427, 1.35888, 1.41199, 2.88661, 0.361677, 0, 0.29427, 1.35888, -0.43, 0.0670323, -0.00462735, 19.3847;
310, 15.499, 129.713, 27.7869, 0.639445, 5, 1.0875, -0.153482, 0.885636, 0, 0.639445, 5, -3.06308, 0.922517, -0.122972, 10.0435;
311, 15.549, 129.758, 27.7423, 0.98633, 5, 0.639731, -3.3218, 1.23236, 0, 0.98633, 5, -3.19305, 0.992672, -0.136272, 9.77465;
312, 15.599, 129.82, 27.6803, 1.37806, 5, 0.122949, -5, 1.62389, 0, 1.37806, 5, -3.34947, 1.07966, -0.153256, 9.47756;
313, 15.649, 129.899, 27.6011, 1.80397, 5, -0.377051, -5, 2.04958, 0, 1.80397, 5, -3.53194, 1.18453, -0.174415, 9.16282;
314, 15.699, 129.995, 27.5048, 2.18656, 5, -0.877051, -5, 2.43195, 0, 2.18656, 5, -3.70902, 1.28981, -0.196372, 8.88462;
315, 15.749, 130.108, 27.3916, 2.4908, 5, -1.37705, -5, 2.73601, 0, 2.4908, 5, -3.86141, 1.38323, -0.216439, 8.66273;
316, 15.799, 130.234, 27.2664, 2.65252, 3.23336, -1.77105, -5, 2.81141, 0, 2.65252, 3.23336, -2.22944, 0.692097, -0.0932723, 10.1135;
317, 15.849, 130.361, 2.38861, 2.54413, -2.16781, -1.77641, -3.62931, 2.43746, 0, 2.54413, -2.16781, 1.38537, -0.590228, 0.125731, 4.69437;
318, 15.899, 130.473, 0.617293, 1.9642, -5, -1.16179, 5, 1.72588, 0, 1.9642, -5, 9.54587, -12.1498, 7.73204, 1.57136;
319, 15.949, 130.545, 0.134814, 0.917925, -5, -0.661794, 5, 0.692319, 0, 0.917925, -5, 20.4265, -55.6323, 75.7583, 0.73434;
320, 15.999, 130.569, 7.09764e-05, 0.0210619, -5, -0.161794, 5, 0.31558, 0, 0.0210619, -5, 890.234, -105669, 6.27134e+06, 0.0168495;
321, 16.049, 130.568, 1.28086e-05, 0.00244181, -0.372401, 0.0605499, 5, 0.00164798, 0, 0.00244181, -0.372401, 42.5963, -3248.19, 123846, 0.0262277;
322, 16.099, 130.568, 6.65493e-09, 2.00727e-05, -0.0484347, 0.309732, 5, 14.5171, 0, 2.00727e-05, -0.0484347, 87.6536, -105753, 6.37945e+07, 0.00165771;
323, 16.149, 130.568, 1.71083e-12, 2.92792e-08, -0.000400868, 0.559272, 5, 24.5351, 0, 2.92792e-08, -0.000400868, 4.11628, -28178.5, 9.64495e+07, 0.000292158;
324, 16.199, 130.568, 26.9321, 6.07816e-08, 6.30067e-07, 0.809268, 5, 9.22848e-08, 0, 6.07816e-08, 6.30067e-07, -1.29297e-10, 1.32666e-14, -6.0499e-19, 29238.2;
325, 16.249, 130.568, 26.9321, 3.81853e-05, 0.000762489, 1.05922, 4.99999, 7.63029e-05, 0, 3.81853e-05, 0.000762489, -5.44511e-06, 1.94409e-08, -3.08484e-11, 840.292;
326, 16.299, 130.569, 26.9312, 0.0581976, 1.16319, 1.21977, 4.67226, 0.115947, 0, 0.0581976, 1.16319, -0.328894, 0.0463526, -0.00290116, 21.3196;
327, 16.349, 130.575, 26.9254, 0.210671, 3.04946, 1.1973, 3.25974, 0.361375, 0, 0.210671, 3.04946, -1.42071, 0.328618, -0.0337236, 13.0153;
328, 16.399, 130.59, 26.9103, 0.350821, 2.803, 1.14612, 1.98505, 0.489375, 0, 0.350821, 2.803, -1.28191, 0.289505, -0.0289695, 13.3652;
329, 16.449, 130.618, 26.8819, 0.643223, 5, 0.787663, -1.11061, 0.889343, 0, 0.643223, 5, -3.11948, 0.956423, -0.129775, 9.86773;
330, 16.499, 130.664, 26.8363, 1.04939, 5, 0.287038, -4.36219, 1.29531, 0, 1.04939, 5, -3.27757, 1.04348, -0.146614, 9.5552;
331, 16.549, 130.726, 26.7737, 1.49471, 5, -0.21934, -5, 1.7404, 0, 1.49471, 5, -3.4641, 1.1498, -0.167899, 9.22175;
332, 16.599, 130.806, 26.6938, 1.85823, 5, -0.71934, -5, 2.10372, 0, 1.85823, 5, -3.62902, 1.24709, -0.188038, 8.95301;
333, 16.649, 130.903, 26.5966, 2.16078, 5, -1.21934, -5, 2.40609, 0, 2.16078, 5, -3.77684, 1.33692, -0.207174, 8.7296;
334, 16.699, 131.015, 26.4854, 2.36751, 4.1344, -1.6674, -5, 2.57048, 0, 2.36751, 4.1344, -3.01092, 1.01148, -0.148251, 9.25799;
335, 16.749, 131.132, 26.3682, 2.42338, 1.11746, -1.94311, -5, 2.47852, 0, 2.42338, 1.11746, -0.589834, 0.129356, -0.0121324, 14.7173;
336, 16.799, 131.24, 0.643057, 2.00477, -5, -1.33799, 4.06566, 1.76622, 0, 2.00477, -5, 9.35269, -11.663, 7.27205, 1.60382;
337, 16.849, 131.317, 0.164394, 1.01364, -5, -0.828651, 5, 0.785825, 0, 1.01364, -5, 18.4977, -45.6221, 56.2603, 0.810911;
338, 16.899, 131.346, 0.00176235, 0.104951, -5, -0.328651, 5, 0.00280923, 0, 0.104951, -5, 178.655, -4255.69, 50686.7, 0.0839607;
339, 16.949, 131.345, 28.6547, 0.00459711, -2.00707, 0.0700707, 5, -0.0942936, 0, 0.00459711, -2.00707, 0.95974, -0.168633, 0.0115234, 12.5667;
340, 16.999, 131.345, 28.6547, 4.17683e-05, -0.0911068, 0.305466, 5, -0.00418973, 0, 4.17683e-05, -0.0911068, 0.14906, -0.0275988, 0.00177294, 12.5667;
341, 17.049, 131.345, 28.6547, 6.53796e-09, -0.000835235, 0.554605, 5, 0.000234932, 0, 6.53796e-09, -0.000835235, 0.116495, -0.0225855, 0.00146027, 12.4667;
342, 17.099, 131.345, 28.6547, 7.48424e-08, 1.36611e-06, 0.804597, 5, 0.000276329, 0, 7.48424e-08, 1.36611e-06, 0.11617, -0.022533, 0.00145688, 12.4667;
343, 17.149, 131.345, 28.6547, 3.76245e-07, 6.02809e-06, 1.0546, 5, 0.000283606, 0, 3.76245e-07, 6.02809e-06, 0.118451, -0.023125, 0.00150488, 12.3667;
344, 17.199, 131.346, 26.1539, 0.0517237, 1.03447, 1.2258, 4.7212, 0.103098, 0, 0.0517237, 1.03447, -0.279737, 0.0377099, -0.00225764, 22.2875;
345, 17.249, 131.352, 26.1484, 0.189832, 2.76216, 1.23241, 3.48684, 0.326394, 0, 0.189832, 2.76216, -1.24127, 0.277019, -0.0274308, 13.4877;
346, 17.299, 131.366, 26.1336, 0.361841, 3.44006, 1.12285, 1.73474, 0.531649, 0, 0.361841, 3.44006, -1.76323, 0.446607, -0.0501304, 11.9127;
347, 17.349, 131.394, 26.1064, 0.624741, 5, 0.755735, -1.40277, 0.870809, 0, 0.624741, 5, -3.162, 0.982928, -0.135233, 9.7313;
348, 17.399, 131.437, 26.0627, 1.02265, 5, 0.237926, -4.69727, 1.26852, 0, 1.02265, 5, -3.3212, 1.07181, -0.152664, 9.42493;
349, 17.449, 131.498, 26.0017, 1.46303, 5, -0.265101, -5, 1.70867, 0, 1.46303, 5, -3.5108, 1.18139, -0.174906, 9.09489;
350, 17.499, 131.577, 25.9235, 1.82534, 5, -0.765101, -5, 2.07077, 0, 1.82534, 5, -3.67983, 1.28251, -0.196133, 8.82692;
351, 17.549, 131.672, 25.828, 2.12719, 5, -1.2651, -5, 2.37243, 0, 2.12719, 5, -3.83158, 1.37606, -0.21635, 8.60396;
352, 17.599, 131.781, 25.719, 2.32497, 3.95537, -1.70242, -5, 2.51916, 0, 2.32497, 3.95537, -2.87703, 0.963601, -0.140758, 9.29243;
353, 17.649, 131.895, 25.6049, 2.34692, 0.438806, -1.9392, -5, 2.36859, 0, 2.34692, 0.438806, -0.217924, 0.0387275, -0.00287677, 18.9141;
354, 17.699, 131.999, 0.563033, 1.87589, -5, -1.30474, 4.6678, 1.63811, 0, 1.87589, -5, 9.99527, -13.3207, 8.87628, 1.50071;
355, 17.749, 132.067, 0.115471, 0.849524, -5, -0.80142, 5, 0.625785, 0, 0.849524, -5, 22.0712, -64.9516, 95.5706, 0.679619;
356, 17.799, 132.088, 0, -0.0118578, -5, -0.30142, 5, -nan, 0, 0, 0, 0, 0, 0, 0;
357, 17.849, 132.087, 27.9128, 0.00092823, 0.25572, -0.116763, 5, 0.0138785, 0, 0.00092823, 0.25572, 0.0280316, -0.00930008, 0.000634096, 11.6667;
358, 17.899, 132.087, 27.9128, 1.27885e-05, -0.0183088, 0.136893, 5, -0.000562755, 0, 1.27885e-05, -0.0183088, 0.140198, -0.0284216, 0.00193783, 11.6667;
359, 17.949, 132.087, 27.9128, 1.32809e-07, -0.000253114, 0.386725, 5, 0.000324385, 0, 1.32809e-07, -0.000253114, 0.135565, -0.027916, 0.00191643, 11.5667;
360, 17.999, 132.087, 27.9128, 1.40056e-07, 1.45013e-07, 0.636722, 5, 0.000336892, 0, 1.40056e-07, 1.45013e-07, 0.135461, -0.0278981, 0.0019152, 11.5667;
361, 18.049, 132.087, 27.9128, 1.48469e-07, 1.68329e-07, 0.886722, 5, 0.000345776, 0, 1.48469e-07, 1.68329e-07, 0.13829, -0.0286776, 0.00198232, 11.4667;
362, 18.099, 132.087, 27.9128, 0.00713827, 0.142762, 1.12816, 5, 0.014528, 0, 0.00713827, 0.142762, 0.0785675, -0.0183392, 0.00126769, 11.4667;
363, 18.149, 132.089, 25.4107, 0.0881354, 1.61994, 1.24899, 4.4434, 0.168436, 0, 0.0881354, 1.61994, -0.558992, 0.0960468, -0.00732707, 17.496;
364, 18.199, 132.098, 25.4025, 0.253898, 3.31525, 1.18899, 2.78579, 0.417584, 0, 0.253898, 3.31525, -1.66798, 0.416077, -0.0460326, 12.0767;
365, 18.249, 132.116, 25.3835, 0.507559, 5, 0.873029, -0.35426, 0.753624, 0, 0.507559, 5, -3.16466, 0.987648, -0.136523, 9.67854;
366, 18.299, 132.15, 25.3501, 0.851609, 5, 0.40873, -3.63068, 1.0975, 0, 0.851609, 5, -3.30296, 1.0651, -0.151762, 9.41152;
367, 18.349, 132.201, 25.2994, 1.22783, 5, -0.104963, -5, 1.47352, 0, 1.22783, 5, -3.46451, 1.15837, -0.170672, 9.12527;
368, 18.399, 132.269, 25.2312, 1.54279, 5, -0.604963, -5, 1.7883, 0, 1.54279, 5, -3.60994, 1.24493, -0.188748, 8.88743;
369, 18.449, 132.355, 25.1455, 1.83472, 5, -1.10496, -5, 2.08006, 0, 1.83472, 5, -3.75399, 1.33305, -0.20765, 8.66811;
370, 18.499, 132.455, 25.0447, 2.05009, 4.30728, -1.5634, -5, 2.26153, 0, 2.05009, 4.30728, -3.15727, 1.08021, -0.161653, 9.04673;
371, 18.549, 132.564, 24.9364, 2.12621, 1.52242, -1.86167, -5, 2.2013, 0, 2.12621, 1.52242, -0.826993, 0.196475, -0.0201495, 13.3555;
372, 18.599, 132.668, 0.521836, 1.80596, -5, -1.19645, 5, 1.56864, 0, 1.80596, -5, 10.3823, -14.3723, 9.94787, 1.44476;
373, 18.649, 132.746, 0.199958, 1.11792, -5, -0.696448, 5, 0.888113, 0, 1.11792, -5, 16.7723, -37.5078, 41.9393, 0.894334;
374, 18.699, 132.778, 0.00380769, 0.154266, -5, -0.196448, 5, 0.0193161, 0, 0.154266, -5, 121.543, -1969.7, 15960.2, 0.123413;
375, 18.749, 132.778, 27.2224, 0.00470442, -2.99124, 0.0799124, 5, -0.142375, 0, 0.00470442, -2.99124, 1.7916, -0.394285, 0.0337464, 10.7667;
376, 18.799, 132.778, 27.2223, 2.65348e-05, -0.0935578, 0.305613, 5, -0.00417937, 0, 2.65348e-05, -0.0935578, 0.197279, -0.0415097, 0.00301523, 10.7667;
377, 18.849, 132.778, 27.2223, 2.18935e-07, -0.000526317, 0.554709, 5, 0.000392875, 0, 2.18935e-07, -0.000526317, 0.160197, -0.0351568, 0.00257245, 10.6667;
378, 18.899, 132.778, 27.2223, 2.70771e-07, 1.03684e-06, 0.804704, 5, 0.000418925, 0, 2.70771e-07, 1.03684e-06, 0.159966, -0.0351145, 0.00256935, 10.6667;
379, 18.949, 132.778, 27.2223, 7.02589e-05, 0.00139976, 1.05462, 5, 0.000569827, 0, 7.02589e-05, 0.00139976, 0.162905, -0.0360461, 0.00265696, 10.5667;
380, 18.999, 132.779, 27.2213, 0.0592744, 1.18408, 1.213, 4.65688, 0.118062, 0, 0.0592744, 1.18408, -0.344738, 0.0648863, -0.00593644, 10.5667;
381, 19.049, 132.784, 24.7155, 0.216367, 3.14185, 1.17654, 3.11288, 0.371525, 0, 0.216367, 3.14185, -1.55351, 0.381214, -0.0414989, 12.2707;
382, 19.099, 132.8, 24.7005, 0.341615, 2.50496, 1.14557, 1.98411, 0.465449, 0, 0.341615, 2.50496, -1.13509, 0.253751, -0.0251284, 13.5083;
383, 19.149, 132.828, 24.6723, 0.644071, 5, 0.775351, -1.25719, 0.890008, 0, 0.644071, 5, -3.26742, 1.04843, -0.148855, 9.43233;
384, 19.199, 132.873, 24.6267, 1.01232, 5, 0.258724, -4.65332, 1.25807, 0, 1.01232, 5, -3.42449, 1.13887, -0.167145, 9.14819;
385, 19.249, 132.936, 24.5641, 1.46159, 5, -0.244743, -5, 1.70708, 0, 1.46159, 5, -3.63037, 1.26159, -0.192832, 8.81188;
386, 19.299, 133.016, 24.4843, 1.85827, 5, -0.744743, -5, 2.10351, 0, 1.85827, 5, -3.82796, 1.3838, -0.219359, 8.52074;
387, 19.349, 133.113, 24.3872, 2.17546, 5, -1.24474, -5, 2.42049, 0, 2.17546, 5, -3.99948, 1.49345, -0.243933, 8.28848;
388, 19.399, 133.224, 24.2764, 2.38108, 4.11222, -1.69148, -5, 2.58274, 0, 2.38108, 4.11222, -3.17518, 1.1252, -0.173787, 8.79398;
389, 19.449, 133.34, 24.16, 2.39667, 0.311826, -1.91906, -5, 2.41204, 0, 2.39667, 0.311826, -0.175412, 0.0314635, -0.0023255, 19.2038;
390, 19.499, 133.447, 0.60378, 1.94258, -5, -1.30515, 4.34655, 1.70439, 0, 1.94258, -5, 9.6521, -12.4217, 7.99305, 1.55407;
391, 19.549, 133.52, 0.143761, 0.947894, -5, -0.798617, 5, 0.721551, 0, 0.947894, -5, 19.7807, -52.1701, 68.7973, 0.758316;
392, 19.599, 133.546, 0.00048698, 0.055169, -5, -0.298617, 5, 1.72011e-05, 0, 0.055169, -5, 339.865, -15401.1, 348951, 0.0441352;
393, 19.649, 133.545, 26.4552, 0.00316991, -1.03998, 0.0603998, 5, -0.0475288, 0, 0.00316991, -1.03998, 0.670975, -0.137599, 0.0106942, 9.86667;
394, 19.699, 133.545, 26.4552, 3.11396e-05, -0.0627754, 0.303767, 5, -0.00254632, 0, 3.11396e-05, -0.0627754, 0.215567, -0.0491242, 0.00381794, 9.86667;
395, 19.749, 133.545, 26.4552, 2.43614e-07, -0.00061792, 0.553176, 5, 0.000499542, 0, 2.43614e-07, -0.00061792, 0.190999, -0.0448709, 0.00351469, 9.76667;
396, 19.799, 133.545, 26.4552, 2.99949e-07, 1.12685e-06, 0.80317, 5, 0.000530077, 0, 2.99949e-07, 1.12685e-06, 0.190708, -0.0448139, 0.00351023, 9.76667;
397, 19.849, 133.545, 26.4552, 6.03412e-07, 6.06945e-06, 1.05317, 5, 0.000547205, 0, 6.03412e-07, 6.06945e-06, 0.195258, -0.0462455, 0.00365096, 9.66667;
398, 19.899, 133.546, 26.4544, 0.0507665, 1.01532, 1.22638, 4.73551, 0.101284, 0, 0.0507665, 1.01532, -0.265661, 0.0470195, -0.00422484, 9.66667;
399, 19.949, 133.551, 23.949, 0.187138, 2.72742, 1.23366, 3.46884, 0.321922, 0, 0.187138, 2.72742, -1.27404, 0.295479, -0.030404, 12.9804;
400, 19.999, 133.566, 23.9342, 0.365543, 3.5681, 1.10408, 1.53198, 0.541521, 0, 0.365543, 3.5681, -1.94999, 0.526389, -0.0629644, 11.18;
401, 20.049, 133.594, 23.9063, 0.638774, 5, 0.7187, -1.76239, 0.884645, 0, 0.638774, 5, -3.32135, 1.08317, -0.156297, 9.28114;
402, 20.099, 133.639, 23.8613, 1.04446, 5, 0.186324, -5, 1.29011, 0, 1.04446, 5, -3.50037, 1.1881, -0.1779, 8.96971;
403, 20.149, 133.701, 23.7993, 1.48579, 5, -0.313676, -5, 1.73118, 0, 1.48579, 5, -3.71088, 1.31608, -0.205222, 8.64041;
404, 20.199, 133.78, 23.72, 1.84599, 5, -0.813676, -5, 2.09114, 0, 1.84599, 5, -3.89783, 1.43392, -0.231283, 8.37515;
405, 20.249, 133.877, 23.6235, 2.14055, 5, -1.31368, -5, 2.3855, 0, 2.14055, 5, -4.06331, 1.54153, -0.255811, 8.15804;
406, 20.299, 133.986, 23.5142, 2.32691, 3.72704, -1.7373, -5, 2.50975, 0, 2.32691, 3.72704, -2.8259, 0.9791, -0.147716, 9.00998;
407, 20.349, 134.099, 25.9007, 2.31411, -0.256048, -1.92423, -4.82609, 2.30163, 0, 2.31411, -0.256048, 0.174991, -0.0435634, 0.0042104, 9.16667;
408, 20.399, 134.2, 0.509383, 1.78428, -5, -1.27853, 5, 1.54711, 0, 1.78428, -5, 10.5085, -14.7237, 10.3149, 1.42742;
409, 20.449, 134.264, 0.0864663, 0.735129, -5, -0.77853, 5, 0.515242, 0, 0.735129, -5, 25.5057, -86.739, 147.489, 0.588103;
410, 20.499, 134.279, 0, -0.0539768, -5, -0.27853, 5, -nan, 0, 0, 0, 0, 0, 0, 0;
411, 20.549, 134.278, 25.7217, -0.000280087, 1.07393, -0.160357, 4.71015, 0.0531879, 0, -0.000280087, 1.07393, -0.291178, 0.0531916, -0.00491182, 8.96667;
412, 20.599, 134.278, 25.7217, 6.31237e-07, 0.00561438, 0.0988094, 4.93109, 0.000941924, 0, 6.31237e-07, 0.00561438, 0.222335, -0.0558562, 0.00466765, 8.96667;
413, 20.649, 134.278, 25.7217, 3.02406e-07, -6.57651e-06, 0.349555, 5, 0.000687947, 0, 3.02406e-07, -6.57651e-06, 0.230893, -0.0583718, 0.00491897, 8.86667;
414, 20.699, 134.278, 25.7217, 2.82103e-07, -4.05947e-07, 0.599555, 5, 0.00068823, 0, 2.82103e-07, -4.05947e-07, 0.23089, -0.0583711, 0.00491892, 8.86667;
415, 20.749, 134.278, 25.7217, 2.98984e-07, 3.37806e-07, 0.849555, 5, 0.00071205, 0, 2.98984e-07, 3.37806e-07, 0.236827, -0.0603808, 0.00513151, 8.76667;
416, 20.799, 134.278, 25.7217, 0.00384636, 0.0769215, 1.09494, 5, 0.00833774, 0, 0.00384636, 0.0769215, 0.197187, -0.0519409, 0.00441424, 8.76667;
417, 20.849, 134.279, 25.7205, 0.0572337, 1.06772, 1.26415, 4.70847, 0.110423, 0, 0.0572337, 1.06772, -0.292877, 0.0540094, -0.00502302, 8.66667;
418, 20.899, 134.284, 25.7159, 0.158069, 2.01573, 1.33906, 3.87091, 0.257817, 0, 0.158069, 2.01573, -0.842718, 0.207085, -0.0231562, 8.66667;
419, 20.949, 134.295, 23.2049, 0.286406, 2.5604, 1.32756, 2.67797, 0.412933, 0, 0.286406, 2.5604, -1.19988, 0.277956, -0.028537, 13.0233;
420, 20.999, 134.317, 23.1833, 0.605651, 5, 0.986961, -0.65704, 0.851471, 0, 0.605651, 5, -3.36268, 1.11108, -0.162464, 9.15746;
421, 21.049, 134.356, 23.1438, 1.0286, 5, 0.492688, -4.18073, 1.27419, 0, 1.0286, 5, -3.5542, 1.22492, -0.186234, 8.83385;
422, 21.099, 134.413, 23.0872, 1.39041, 5, -0.015505, -5, 1.63577, 0, 1.39041, 5, -3.73161, 1.33414, -0.20984, 8.56166;
423, 21.149, 134.487, 23.0131, 1.70712, 5, -0.515505, -5, 1.95227, 0, 1.70712, 5, -3.89897, 1.44046, -0.233536, 8.32542;
424, 21.199, 134.578, 22.9215, 2.002, 5, -1.0155, -5, 2.24695, 0, 2.002, 5, -4.0662, 1.54985, -0.258616, 8.1067;
425, 21.249, 134.686, 22.8137, 2.24811, 4.92017, -1.51072, -5, 2.489, 0, 2.24811, 4.92017, -4.12635, 1.6056, -0.272915, 7.97415;
426, 21.299, 134.803, 22.6965, 2.36864, 2.40955, -1.85609, -5, 2.48705, 0, 2.36864, 2.40955, -1.66302, 0.507914, -0.0671145, 10.3455;
427, 21.349, 134.919, 25.0805, 2.1803, -3.767, -1.71817, -2.70333, 1.99564, 0, 2.1803, -3.767, 2.31115, -0.580641, 0.0581021, 8.16667;
428, 21.399, 135.013, 24.9866, 1.42459, -5, -1.36721, 1.02667, 1.17961, 0, 1.42459, -5, 3.75747, -1.10187, 0.127267, 8.16667;
429, 21.449, 135.062, 24.9383, 0.441023, -5, -0.830145, 4.95548, 0.196407, 0, 0.441023, -5, 3.95803, -1.1723, 0.135533, 8.06667;
430, 21.499, 135.067, 24.9332, -0.0174192, -5, 0.1, 5, -0.261904, 0, -0.0174192, -5, 4.05035, -1.20443, 0.139261, 8.06667;
431, 21.549, 135.067, 24.9332, -0.000233727, 0.343709, 0.279377, 5, 0.0175487, 0, -0.000233727, 0.343709, 0.0955421, -0.0347097, 0.00316502, 7.96667;
432, 21.599, 135.067, 24.9332, -2.33602e-06, 0.00462783, 0.532537, 5, 0.00114352, 0, -2.33602e-06, 0.00462783, 0.281029, -0.0769926, 0.0070206, 7.96667;
433, 21.649, 135.067, 24.9332, 2.16207e-07, 5.10446e-05, 0.78258, 5, 0.000956927, 0, 2.16207e-07, 5.10446e-05, 0.291433, -0.0804582, 0.00740413, 7.86667;
434, 21.699, 135.067, 24.9332, 2.55189e-07, 7.79784e-07, 1.03258, 5, 0.0009545, 0, 2.55189e-07, 7.79784e-07, 0.29146, -0.0804646, 0.00740472, 7.86667;
435, 21.749, 135.067, 24.9327, 0.0337197, 0.674389, 1.24208, 4.99945, 0.0674387, 0, 0.0337197, 0.674389, -1.95692e-16, -0.0221758, 0.00232169, 9.5516;
436, 21.799, 135.072, 24.9283, 0.133001, 1.98548, 1.33011, 4.17344, 0.231318, 0, 0.133001, 1.98548, -0.831149, 0.206239, -0.0234017, 7.76667;
437, 21.849, 135.082, 22.4181, 0.323292, 3.80256, 1.19925, 1.98618, 0.51068, 0, 0.323292, 3.80256, -2.20299, 0.631324, -0.080197, 10.5239;
438, 21.899, 135.101, 24.8993, 0.46283, 2.77687, 1.08285, 0.534205, 0.599854, 0, 0.46283, 2.77687, -1.46269, 0.429855, -0.0559186, 7.66667;
439, 21.949, 135.133, 22.367, 0.807108, 5, 0.62796, -2.95531, 1.05273, 0, 0.807108, 5, -3.51963, 1.20916, -0.183538, 8.83507;
440, 21.999, 135.184, 22.3164, 1.23585, 5, 0.107513, -5, 1.48122, 0, 1.23585, 5, -3.72961, 1.33869, -0.211605, 8.51095;
441, 22.049, 135.252, 22.2483, 1.61564, 5, -0.392487, -5, 1.86076, 0, 1.61564, 5, -3.93182, 1.46815, -0.240693, 8.22925;
442, 22.099, 135.337, 22.163, 1.95357, 5, -0.892487, -5, 2.19845, 0, 1.95357, 5, -4.1267, 1.59721, -0.27067, 7.98148;
443, 22.149, 135.439, 22.0608, 2.23659, 5, -1.39249, -5, 2.48124, 0, 2.23659, 5, -4.30349, 1.71799, -0.29958, 7.77339;
444, 22.199, 135.553, 21.947, 2.40556, 3.37755, -1.79514, -5, 2.57115, 0, 2.40556, 3.37755, -2.64089, 0.93095, -0.142508, 8.90162;
445, 22.249, 135.669, 24.3311, 2.32825, -1.54734, -1.86424, -4.09532, 2.25283, 0, 2.32825, -1.54734, 0.910218, -0.221933, 0.0216168, 7.26667;
446, 22.299, 135.768, 24.2319, 1.68868, -5, -1.56076, -0.36656, 1.44439, 0, 1.68868, -5, 3.75656, -1.11543, 0.130825, 7.26667;
447, 22.349, 135.828, 24.1715, 0.715332, -5, -1.09313, 3.56596, 0.471498, 0, 0.715332, -5, 3.96216, -1.189, 0.139627, 7.16667;
448, 22.399, 135.842, 24.1577, -0.0638383, -5, 0.1, 5, -0.307391, 0, -0.0638383, -5, 4.12451, -1.24649, 0.14642, 7.16667;
449, 22.449, 135.842, 24.1584, -0.000449457, 1.26778, 0.200342, 4.60681, 0.0628765, 0, -0.000449457, 1.26778, -0.395211, 0.0809076, -0.00816322, 7.06667;
450, 22.499, 135.842, 24.1584, -3.06845e-06, 0.00892776, 0.463662, 4.9541, 0.00170842, 0, -3.06845e-06, 0.00892776, 0.349903, -0.10454, 0.0103848, 7.06667;
451, 22.549, 135.842, 24.1584, 1.81128e-07, 6.49916e-05, 0.714206, 5, 0.00133342, 0, 1.81128e-07, 6.49916e-05, 0.365985, -0.110165, 0.0110533, 6.96667;
452, 22.599, 135.842, 24.1584, 1.52566e-07, -5.71175e-07, 0.964207, 5, 0.00133019, 0, 1.52566e-07, -5.71175e-07, 0.366024, -0.110174, 0.0110543, 6.96667;
453, 22.649, 135.842, 24.1582, 0.0203236, 0.406468, 1.18982, 5, 0.0415865, 0, 0.0203236, 0.406468, 0.126955, -0.0511269, 0.00518178, 6.86667;
454, 22.699, 135.845, 24.155, 0.137307, 2.33966, 1.23881, 3.92173, 0.253084, 0, 0.137307, 2.33966, -1.08556, 0.292651, -0.0356669, 6.86667;
455, 22.749, 135.855, 24.1446, 0.315662, 3.56711, 1.11943, 1.8411, 0.491411, 0, 0.315662, 3.56711, -2.09751, 0.677166, -0.0960347, 6.76667;
456, 22.799, 135.878, 21.6223, 0.652155, 5, 0.738175, -1.64185, 0.897789, 0, 0.652155, 5, -3.51308, 1.21013, -0.184374, 8.79286;
457, 22.849, 135.915, 21.5849, 0.974566, 5, 0.204594, -5, 1.22, 0, 0.974566, 5, -3.67103, 1.30759, -0.205498, 8.5449;
458, 22.899, 135.97, 21.5298, 1.26625, 5, -0.295406, -5, 1.5115, 0, 1.26625, 5, -3.82422, 1.40493, -0.227202, 8.32218;
459, 22.949, 136.043, 21.4571, 1.55787, 5, -0.795406, -5, 1.80292, 0, 1.55787, 5, -3.98784, 1.51186, -0.251712, 8.10152;
460, 22.999, 136.133, 21.3672, 1.86051, 5, -1.29541, -5, 2.10533, 0, 1.86051, 5, -4.1692, 1.63385, -0.28048, 7.87558;
461, 23.049, 136.235, 21.2647, 2.03078, 3.4053, -1.69972, -5, 2.19787, 0, 2.03078, 3.4053, -2.55778, 0.881618, -0.132437, 9.04181;
462, 23.099, 136.342, 23.6578, 1.99595, -0.696767, -1.84253, -4.47775, 1.96265, 0, 1.99595, -0.696767, 0.525823, -0.14331, 0.0151383, 6.46667;
463, 23.149, 136.438, 23.5623, 1.58931, -5, -1.54557, -0.68082, 1.34613, 0, 1.58931, -5, 3.82567, -1.15288, 0.137124, 6.36667;
464, 23.199, 136.497, 23.5026, 0.70459, -5, -1.09034, 3.30701, 0.461812, 0, 0.70459, -5, 4.01832, -1.2229, 0.145638, 6.36667;
465, 23.249, 136.512, 23.4877, -0.0574622, -5, 0.1, 5, -0.299715, 0, -0.0574622, -5, 4.18176, -1.28164, 0.152681, 6.26667;
466, 23.299, 136.512, 23.4883, -0.000356184, 1.14212, 0.231373, 4.99834, 0.0567485, 0, -0.000356184, 1.14212, 4.62498e-16, -0.0666355, 0.0092927, 7.17074;
467, 23.349, 136.512, 23.4883, -2.00523e-06, 0.00708358, 0.492386, 5, 0.00220645, 0, -2.00523e-06, 0.00708358, 0.452778, -0.148435, 0.0161929, 6.16667;
468, 23.399, 136.512, 23.4883, 9.1969e-08, 4.1944e-05, 0.742454, 5, 0.00186497, 0, 9.1969e-08, 4.1944e-05, 0.457386, -0.149692, 0.01633, 6.16667;
469, 23.449, 136.512, 23.4883, 5.13755e-08, -8.1186e-07, 0.992455, 5, 0.00195623, 0, 5.13755e-08, -8.1186e-07, 0.472717, -0.156414, 0.0172515, 6.06667;
470, 23.499, 136.512, 23.488, 0.0248362, 0.496722, 1.21265, 5, 0.0510061, 0, 0.0248362, 0.496722, 0.139465, -0.0642742, 0.00708906, 6.06667;
471, 23.549, 136.516, 23.4844, 0.1523, 2.54929, 1.23979, 3.75207, 0.278559, 0, 0.1523, 2.54929, -1.25682, 0.356933, -0.0456118, 5.96667;
472, 23.599, 136.527, 23.473, 0.355918, 4.07235, 1.05388, 1.17445, 0.556321, 0, 0.355918, 4.07235, -2.60007, 0.901551, -0.136635, 5.96667;
473, 23.649, 136.551, 23.4491, 0.69553, 5, 0.63565, -2.45354, 0.940966, 0, 0.69553, 5, -3.66329, 1.41775, -0.236947, 5.86667;
474, 23.699, 136.591, 20.9093, 1.03506, 5, 0.110186, -5, 1.28038, 0, 1.03506, 5, -3.76874, 1.37458, -0.221069, 8.35469;
475, 23.749, 136.648, 20.8519, 1.32767, 5, -0.389814, -5, 1.57279, 0, 1.32767, 5, -3.92995, 1.4794, -0.244986, 8.1322;
476, 23.799, 136.723, 20.7769, 1.61652, 5, -0.889814, -5, 1.86143, 0, 1.61652, 5, -4.10026, 1.59336, -0.271729, 7.91439;
477, 23.849, 136.815, 20.6851, 1.88566, 5, -1.38981, -5, 2.13036, 0, 1.88566, 5, -4.27057, 1.71063, -0.30002, 7.71189;
478, 23.899, 136.918, 23.0822, 2.02183, 2.72336, -1.75322, -5, 2.15561, 0, 2.02183, 2.72336, -1.97287, 0.736193, -0.117428, 5.66667;
479, 23.949, 137.023, 22.9771, 1.9202, -2.03252, -1.75998, -3.43242, 1.82262, 0, 1.9202, -2.03252, 1.57929, -0.469973, 0.0548607, 5.56667;
480, 23.999, 137.112, 22.8877, 1.42361, -5, -1.41894, 0.450545, 1.18191, 0, 1.42361, -5, 3.91283, -1.19815, 0.144594, 5.56667;
481, 24.049, 137.161, 22.8389, 0.46203, -5, -0.900696, 4.5459, 0.221147, 0, 0.46203, -5, 4.12719, -1.27689, 0.15426, 5.46667;
482, 24.099, 137.167, 22.8329, -0.0191841, -5, 0.1, 5, -0.259768, 0, -0.0191841, -5, 4.2331, -1.31542, 0.158936, 5.46667;
483, 24.149, 137.167, 22.8329, -0.000246643, 0.37875, 0.277275, 5, 0.0209099, 0, -0.000246643, 0.37875, 0.313223, -0.128543, 0.0153637, 5.36667;
484, 24.199, 137.167, 22.8329, -2.58748e-06, 0.00488111, 0.53077, 5, 0.00297876, 0, -2.58748e-06, 0.00488111, 0.581284, -0.208638, 0.0249368, 5.36667;
485, 24.249, 137.167, 22.8329, 5.11547e-08, 5.27728e-05, 0.780815, 5, 0.00290545, 0, 5.11547e-08, 5.27728e-05, 0.606225, -0.220003, 0.0266133, 5.26667;
486, 24.299, 137.167, 22.8329, 5.70449e-08, 1.17817e-07, 1.03082, 5, 0.0029029, 0, 5.70449e-08, 1.17817e-07, 0.606263, -0.220015, 0.0266147, 5.26667;
487, 24.349, 137.168, 22.8324, 0.032442, 0.648839, 1.24189, 5, 0.0670012, 0, 0.032442, 0.648839, 0.1448, -0.0823775, 0.010087, 5.16667;
488, 24.399, 137.172, 22.8279, 0.158856, 2.52828, 1.27163, 3.74917, 0.284593, 0, 0.158856, 2.52828, -1.25989, 0.363341, -0.0472683, 5.16667;
489, 24.449, 137.185, 22.8147, 0.431076, 5, 0.970723, 0.188416, 0.67668, 0, 0.431076, 5, -3.59512, 1.38068, -0.230062, 5.06667;
490, 24.499, 137.212, 22.7884, 0.685492, 5, 0.50922, -3.49365, 0.930908, 0, 0.685492, 5, -3.71851, 1.46411, -0.249183, 5.06667;
491, 24.549, 137.254, 22.7457, 1.07294, 5, -0.0058435, -5, 1.31809, 0, 1.07294, 5, -3.91744, 1.60211, -0.28156, 4.96667;
492, 24.599, 137.314, 22.6858, 1.46258, 5, -0.505843, -5, 1.70743, 0, 1.46258, 5, -4.13334, 1.75681, -0.318948, 4.96667;
493, 24.649, 137.391, 22.6085, 1.78794, 5, -1.00584, -5, 2.03254, 0, 1.78794, 5, -4.32869, 1.90136, -0.35491, 4.86667;
494, 24.699, 137.485, 22.5149, 2.04563, 5, -1.50584, -5, 2.29001, 0, 2.04563, 5, -4.4961, 2.02892, -0.38749, 4.86667;
495, 24.749, 137.588, 22.4117, 2.18271, 2.74174, -1.87035, -5, 2.31758, 0, 2.18271, 2.74174, -2.09522, 0.816685, -0.135551, 4.76667;
496, 24.799, 137.691, 22.3093, 2.00261, -3.60218, -1.69832, -2.0253, 1.8303, 0, 2.00261, -3.60218, 2.9991, -0.979301, 0.12609, 4.76667;
497, 24.849, 137.771, 22.2291, 1.17808, -5, -1.27663, 2.29095, 0.939098, 0, 1.17808, -5, 4.35233, -1.44789, 0.188855, 4.66667;
498, 24.899, 137.807, 22.1927, 0.236514, -5, -0.749539, 5, -0.00167246, 0, 0.236514, -5, 4.59141, -1.54144, 0.201057, 4.66667;
499, 24.949, 137.808, 22.1917, 0.00452912, -4.6397, 0.096397, 5, -0.215588, 0, 0.00452912, -4.6397, 4.44624, -1.51972, 0.200843, 4.56667;
500, 24.999, 137.808, 22.1916, 3.91793e-05, -0.0897987, 0.305388, 5, 1.67418e-05, 0, 3.91793e-05, -0.0897987, 0.839559, -0.328159, 0.0433691, 4.56667;
501, 25.049, 137.808, 22.1916, 1.16616e-07, -0.000781255, 0.554537, 5, 0.0045794, 0, 1.16616e-07, -0.000781255, 0.800278, -0.321498, 0.0430578, 4.46667;
502, 25.099, 137.808, 22.1916, 3.18966e-08, -1.69439e-06, 0.804529, 5, 0.004617, 0, 3.18966e-08, -1.69439e-06, 0.799651, -0.321288, 0.0430297, 4.46667;
503, 25.149, 137.808, 22.1916, 3.21016e-08, 4.09933e-09, 1.05453, 5, 0.00494033, 0, 3.21016e-08, 4.09933e-09, 0.832659, -0.339092, 0.0460306, 4.36667;
504, 25.199, 137.809, 22.191, 0.039272, 0.785438, 1.2574, 5, 0.0821097, 0, 0.039272, 0.785438, 0.182057, -0.117561, 0.0159585, 4.36667;
505, 25.249, 137.814, 22.1859, 0.16379, 2.49035, 1.36532, 4.99136, 0.2883, 0, 0.16379, 2.49035, -0, -0.347342, 0.0748935, 4.63781;
506, 25.299, 137.828, 22.1716, 0.430384, 5, 1.12281, 1.37502, 0.676532, 0, 0.430384, 5, -3.65188, 1.42765, -0.242381, 4.26667;
507, 25.349, 137.856, 22.144, 0.670365, 4.79946, 0.742259, -2.1472, 0.906741, 0, 0.670365, 4.79946, -3.55716, 1.40334, -0.239859, 4.16667;
508, 25.399, 137.9, 22.0997, 1.0537, 5, 0.211726, -5, 1.29932, 0, 1.0537, 5, -3.97496, 1.65355, -0.295887, 4.16667;
509, 25.449, 137.962, 22.0384, 1.47763, 5, -0.288274, -5, 1.72291, 0, 1.47763, 5, -4.21737, 1.83045, -0.339456, 4.06667;
510, 25.499, 138.04, 21.9598, 1.83076, 5, -0.788274, -5, 2.07563, 0, 1.83076, 5, -4.43737, 1.99668, -0.381702, 4.06667;
511, 25.549, 138.136, 21.8638, 2.12684, 5, -1.28827, -5, 2.37147, 0, 2.12684, 5, -4.63741, 2.15263, -0.422472, 3.96667;
512, 25.599, 138.245, 21.7546, 2.31886, 3.8404, -1.7187, -5, 2.50742, 0, 2.31886, 3.8404, -3.39027, 1.49566, -0.278821, 3.96667;
513, 25.649, 138.359, 21.6408, 2.33039, 0.230622, -1.94061, -4.94129, 2.34552, 0, 2.33039, 0.230622, 0.0597259, -0.0407672, 0.00593697, 3.86667;
514, 25.699, 138.461, 21.5386, 1.83141, -5, -1.60096, -0.201254, 1.59563, 0, 1.83141, -5, 4.78418, -1.77205, 0.258065, 3.86667;
515, 25.749, 138.528, 21.4723, 0.787588, -5, -1.05109, 4.96435, 0.553841, 0, 0.787588, -5, 5.21503, -1.98449, 0.293274, 3.76667;
516, 25.799, 138.545, 21.4547, -0.041411, -5, 0.1, 5, -0.274083, 0, -0.041411, -5, 5.48576, -2.10451, 0.311012, 3.76667;
517, 25.849, 138.545, 21.4554, 5.78048e-05, 0.829376, 0.250237, 5, 0.047899, 0, 5.78048e-05, 0.829376, 0.339722, -0.208858, 0.0313287, 3.66667;
518, 25.899, 138.545, 21.4554, 3.13954e-06, -0.00109331, 0.508597, 5, 0.00800042, 0, 3.13954e-06, -0.00109331, 1.08716, -0.48915, 0.0733725, 3.66667;
519, 25.949, 138.545, 21.4554, 1.06303e-07, -6.06647e-05, 0.75859, 5, 0.00873981, 0, 1.06303e-07, -6.06647e-05, 1.13662, -0.519263, 0.0790756, 3.56667;
520, 25.999, 138.545, 21.4554, 5.34372e-08, -1.0573e-06, 1.00859, 5, 0.00874261, 0, 5.34372e-08, -1.0573e-06, 1.13656, -0.519242, 0.0790724, 3.56667;
521, 26.049, 138.545, 21.4551, 0.0275259, 0.550517, 1.22556, 5, 0.0633499, 0, 0.0275259, 0.550517, 0.669428, -0.350053, 0.0541319, 3.46667;
522, 26.099, 138.549, 21.4511, 0.158994, 2.62936, 1.32271, 4.99006, 0.290453, 0, 0.158994, 2.62936, -1.94668e-15, -0.399914, 0.090046, 4.44122;
523, 26.149, 138.561, 21.4391, 0.383973, 4.49959, 1.14007, 1.84909, 0.608805, 0, 0.383973, 4.49959, -3.17113, 1.21151, -0.202137, 3.36667;
524, 26.199, 138.586, 21.4143, 0.714605, 5, 0.747843, -1.97884, 0.962806, 0, 0.714605, 5, -3.86747, 1.58887, -0.28254, 3.36667;
525, 26.249, 138.627, 21.3734, 1.06892, 5, 0.217631, -5, 1.31706, 0, 1.06892, 5, -4.0632, 1.73028, -0.317139, 3.26667;
526, 26.299, 138.685, 21.3151, 1.37062, 5, -0.282369, -5, 1.6182, 0, 1.37062, 5, -4.24285, 1.86406, -0.350773, 3.26667;
527, 26.349, 138.761, 21.2391, 1.65995, 5, -0.782369, -5, 1.90755, 0, 1.65995, 5, -4.42748, 2.00543, -0.387221, 3.16667;
528, 26.399, 138.854, 21.1458, 1.94341, 5, -1.28237, -5, 2.19044, 0, 1.94341, 5, -4.62123, 2.1579, -0.427524, 3.16667;
529, 26.449, 138.961, 21.0395, 2.1154, 3.43979, -1.68876, -5, 2.28737, 0, 2.1154, 3.43979, 2.5622e-15, -0.997427, 0.310095, 3.21652;
530, 26.499, 139.071, 20.9286, 2.09091, -0.489741, -1.81339, -3.97362, 2.07689, 0, 2.09091, -0.489741, 1.03817, -0.473461, 0.0780431, 3.06667;
531, 26.549, 139.172, 20.8284, 1.65805, -5, -1.37269, 1.7644, 1.43174, 0, 1.65805, -5, 5.80013, -2.49493, 0.418145, 2.96667;
532, 26.599, 139.237, 20.7633, 0.830584, -5, -0.840332, 5, 0.605968, 0, 0.830584, -5, 6.14417, -2.66791, 0.447136, 2.96667;
533, 26.649, 139.257, 20.7432, -0.0211556, -5, 0.1, 5, -0.243916, 0, -0.0211556, -5, 6.66382, -2.97182, 0.50656, 2.96216;
534, 26.699, 139.256, 20.7442, 0.000756503, 0.438243, 0.273705, 5, 0.037761, 0, 0.000756503, 0.438243, 1.0925, -0.596866, 0.101738, 2.86667;
535, 26.749, 139.256, 20.7442, 1.13376e-05, -0.0149033, 0.528982, 5, 0.017342, 0, 1.13376e-05, -0.0149033, 1.63811, -0.850849, 0.147546, 2.76667;
536, 26.799, 139.256, 20.7442, 5.77891e-08, -0.000225596, 0.778847, 5, 0.0180255, 0, 5.77891e-08, -0.000225596, 1.62284, -0.844231, 0.146399, 2.76667;
537, 26.849, 139.256, 20.7442, 5.50524e-08, -5.47244e-08, 1.02884, 5, 0.0201285, 0, 5.50524e-08, -5.47244e-08, 1.71003, -0.905311, 0.159761, 2.66667;
538, 26.899, 139.256, 20.7437, 0.0326981, 0.653961, 1.23961, 5, 0.0836288, 0, 0.0326981, 0.653961, 1.00229, -0.591719, 0.104421, 2.66667;
539, 26.949, 139.261, 20.7391, 0.155416, 2.45436, 1.34835, 4.99103, 0.278127, 0, 0.155416, 2.45436, -0, -0.360766, 0.0798563, 4.5177;
540, 26.999, 139.274, 20.7259, 0.422916, 5, 1.32014, 4.9527, 0.672884, 0, 0.422916, 5, -2.82052e-15, -1.54572, 0.496191, 3.11516;
541, 27.049, 139.3, 20.6997, 0.646555, 4.47279, 1.34749, 4.92071, 0.870168, 0, 0.646555, 4.47279, -5.08149e-15, -1.28971, 0.399843, 3.22555;
542, 27.099, 139.343, 20.6569, 1.03028, 5, 1.33572, 4.87845, 1.28025, 0, 1.03028, 5, -3.26607e-15, -1.70449, 0.574574, 2.96653;
543, 27.149, 139.403, 20.597, 1.44912, 5, 1.32693, 4.83323, 1.69909, 0, 1.44912, 5, -7.23457e-15, -1.82459, 0.636359, 2.86723;
544, 27.199, 139.48, 20.5199, 1.80154, 5, 1.31571, 4.78529, 2.0515, 0, 1.80154, 5, -3.95051e-15, -1.93499, 0.694981, 2.78424;
545, 27.249, 139.575, 20.4251, 2.11013, 5, 1.30195, 4.73476, 2.36009, 0, 2.11013, 5, -0, -2.04031, 0.752485, 2.71143;
546, 27.299, 139.687, 20.3128, 2.40762, 5, 1.28549, 4.68152, 2.65758, 0, 2.40762, 5, 9.25391e-15, -2.15001, 0.813983, 2.64135;
547, 27.349, 139.817, 20.1828, 2.71585, 5, 1.26619, 4.62527, 2.96581, 0, 2.71585, 5, -5.02613e-15, -2.27195, 0.884206, 2.56948;
548, 27.399, 139.965, 20.0354, 3.05887, 5, 1.24386, 4.56546, 3.30882, 0, 3.05887, 5, -0, -2.41653, 0.969937, 2.49143;
549, 27.449, 140.129, 19.8708, 3.44767, 5, 1.21829, 4.50135, 3.69762, 0, 3.44767, 5, -0, -2.59152, 1.07718, 2.40585;
550, 27.499, 140.311, 19.689, 3.84295, 5, 1.18923, 4.43247, 4.09289, 0, 3.84295, 5, -0, -2.7853, 1.20023, 2.32065;
551, 27.549, 140.51, 19.4899, 4.19793, 5, 1.15643, 4.35882, 4.44787, 0, 4.19793, 5, 7.54678e-15, -2.9791, 1.32764, 2.2439;
552, 27.599, 140.727, 19.2735, 4.51755, 5, 1.11966, 4.28038, 4.76748, 0, 4.51755, 5, -0, -3.1738, 1.4599, 2.17398;
553, 27.649, 140.96, 19.0396, 4.84016, 5, 1.07866, 4.19669, 5.09009, 0, 4.84016, 5, 9.15222e-15, -3.38788, 1.61008, 2.10417;
554, 27.699, 141.211, 18.7886, 5.19433, 5, 1.03311, 4.10683, 5.44425, 0, 5.19433, 5, -0, -3.63935, 1.79263, 2.03018;
555, 27.749, 141.479, 18.5206, 5.5469, 5, 0.982649, 4.01021, 5.79682, 0, 5.5469, 5, -0, -3.91493, 2.00005, 1.95742;
556, 27.799, 141.765, 18.2354, 5.87993, 5, 0.926934, 3.90644, 6.12985, 0, 5.87993, 5, 1.26622e-14, -4.20645, 2.22755, 1.88837;
557, 27.849, 142.067, 17.9332, 6.22453, 5, 0.865545, 3.7946, 6.47444, 0, 6.22453, 5, -1.41785e-14, -4.53591, 2.49432, 1.8185;
558, 27.899, 142.386, 17.614, 6.56376, 5, 0.798035, 3.67392, 6.81365, 0, 6.56376, 5, 1.59047e-14, -4.89696, 2.79798, 1.75018;
559, 27.949, 142.722, 17.2779, 6.90308, 5, 0.723902, 3.54344, 7.15297, 0, 6.90308, 5, -0, -5.29801, 3.14864, 1.68263;
560, 27.999, 143.075, 16.9251, 7.22774, 5, 0.642608, 3.40235, 7.47762, 0, 7.22774, 5, 2.01439e-14, -5.73243, 3.54375, 1.61762;
561, 28.049, 143.443, 16.5567, 7.53141, 5, 0.553578, 3.24989, 7.78129, 0, 7.53141, 5, 2.26472e-14, -6.19803, 3.98414, 1.55568;
562, 28.099, 143.826, 16.1737, 7.81196, 5, 0.456197, 3.0853, 8.06182, 0, 7.81196, 5, -0, -6.69523, 4.47304, 1.4968;
563, 28.149, 144.223, 15.7774, 8.06734, 5, 0.349814, 2.90783, 8.31719, 0, 8.06734, 5, -0, -7.22421, 5.01348, 1.44096;
564, 28.199, 144.631, 15.369, 8.29504, 4.55253, 0.261987, 2.74006, 8.52252, 0, 8.29504, 4.55253, -0, -6.83163, 4.83169, 1.41392;
565, 28.249, 145.05, 14.9501, 8.49275, 3.95305, 0.19838, 2.59086, 8.69028, 0, 8.49275, 3.95305, -0, -6.07673, 4.34989, 1.39699;
566, 28.299, 145.478, 14.5221, 8.65763, 3.29731, 0.162021, 2.46428, 8.82239, 0, 8.65763, 3.29731, -0, -5.156, 3.72245, 1.38511;
567, 28.349, 145.913, 14.0868, 8.78677, 2.58305, 0.157227, 2.36432, 8.91584, 0, 8.78677, 2.58305, -1.6242e-14, -4.07242, 2.95224, 1.37943;
568, 28.399, 146.354, 13.646, 8.88156, 1.89584, 0.183093, 2.29048, 8.97629, 0, 8.88156, 1.89584, 4.91979e-14, -3.00824, 2.1878, 1.37501;
569, 28.449, 146.799, 13.201, 8.94865, 1.34198, 0.232868, 2.23735, 9.0157, 0, 8.94865, 1.34198, 1.68125e-14, -2.16501, 1.58766, 1.36365;
570, 28.499, 147.247, 12.7532, 8.99689, 0.964115, 0.297939, 2.19786, 9.04506, 0, 8.99689, 0.964115, 1.76991e-14, -1.60962, 1.20077, 1.34049;
571, 28.549, 147.697, 12.3032, 9.03642, 0.788778, 0.368094, 2.16365, 9.07583, 0, 9.03642, 0.788778, -0, -1.39527, 1.07139, 1.30229;
572, 28.599, 148.149, 11.8511, 9.07819, 0.832815, 0.431838, 2.12436, 9.1198, 0, 9.07819, 0.832815, -2.19188e-14, -1.60344, 1.28453, 1.24827;
573, 28.649, 148.603, 11.3966, 9.13169, 1.06724, 0.478989, 2.06834, 9.185, 0, 9.13169, 1.06724, -0, -2.28914, 1.93561, 1.18265;
574, 28.699, 149.061, 10.939, 9.20405, 1.44485, 0.501238, 1.98253, 9.27622, 0, 9.20405, 1.44485, 3.10891e-14, -3.51175, 3.16091, 1.11099;
575, 28.749, 149.523, 10.4771, 9.29906, 1.89846, 0.493176, 1.85371, 9.39387, 0, 9.29906, 1.89846, -0, -5.2799, 5.08367, 1.0386;
576, 28.799, 149.99, 10.0099, 9.41676, 2.3527, 0.452703, 1.67068, 9.53424, 0, 9.41676, 2.3527, -4.68381e-14, -7.51494, 7.75434, 0.969127;
577, 28.849, 150.464, 9.53624, 9.55365, 2.73663, 0.380927, 1.42671, 9.69028, 0, 9.55365, 2.73663, -5.76222e-14, -10.0362, 11.0965, 0.904449;
578, 28.899, 150.945, 9.05535, 9.70287, 2.98364, 0.282379, 1.12284, 9.85179, 0, 9.70287, 2.98364, -7.05684e-14, -12.5251, 14.8162, 0.845364;
579, 28.949, 151.433, 8.56683, 9.85504, 3.04273, 0.164646, 0.770382, 10.0069, 0, 9.85504, 3.04273, -0, -14.558, 18.3849, 0.791847;
580, 28.999, 151.929, 8.07077, 9.99952, 2.88816, 0.0375695, 0.391494, 10.1436, 0, 9.99952, 2.88816, 1.03818e-13, -15.683, 21.0995, 0.743287;
581, 29.049, 152.432, 7.56784, 10.1252, 2.51159, -0.0869767, 0.0197068, 10.2505, 0, 10.1252, 2.51159, 1.87278e-13, -15.4231, 22.066, 0.698954;
582, 29.099, 152.941, 7.05924, 10.222, 1.9327, -0.19617, -0.302498, 10.3184, 0, 10.222, 1.9327, 1.4974e-13, -13.3973, 20.3649, 0.657862;
583, 29.149, 153.453, 6.5466, 10.2816, 1.18641, -0.276521, -0.525314, 10.3407, 0, 10.2816, 1.18641, -8.98556e-14, -9.28774, 15.0033, 0.619045;
584, 29.199, 153.968, 6.03196, 10.2988, 0.336605, -0.315409, -0.596817, 10.3155, 0, 10.2988, 0.336605, 1.08532e-13, -2.98863, 5.14147, 0.581279;
585, 29.249, 154.482, 5.51758, 10.2596, -0.792987, -0.282926, -0.407162, 10.2202, 0, 10.2596, -0.792987, -0, 7.94948, -14.5316, 0.547047;
586, 29.299, 154.992, 5.00772, 10.1102, -3.00038, -0.0851324, 0.360482, 9.96088, 0, 10.1102, -3.00038, -1.44433e-13, 32.2305, -60.989, 0.528464;
587, 29.349, 155.492, 4.50785, 9.86393, -4.9381, 0.477545, 5, 9.55917, 0, 9.86393, -4.9381, 13.4149, -10.1726, 2.86923, 3.54543;
588, 29.399, 155.978, 4.0221, 9.55324, -5, 0.978164, 5, 9.24736, 0, 9.55324, -5, 13.4493, -10.0755, 2.80669, 3.58983;
589, 29.449, 156.448, 3.55246, 9.23428, -5, 1.47816, 5, 8.93013, 0, 9.23428, -5, 13.4103, -9.93885, 2.73621, 3.63234;
590, 29.499, 156.903, 3.09692, 9.02071, -4.27629, 1.93474, 5, 8.74986, 0, 9.02071, -4.27629, 12.6578, -9.53236, 2.63987, 3.61091;
591, 29.549, 157.354, 2.6464, 9.04782, 0.538852, 2.10965, 5, 8.99029, 0, 9.04782, 0.538852, 7.08593, -6.52668, 1.95913, 3.33141;
592, 29.599, 157.81, 2.18978, 9.26496, 4.34108, 2.10457, 5, 9.3725, 0, 9.26496, 4.34108, 1.78248, -3.01755, 0.959605, 3.14458;
593, 29.649, 158.281, 1.7192, 9.58856, 5, 2.09798, 5, 9.72071, 0, 9.58856, 5, 0.627365, -2.17793, 0.704426, 3.09178;
594, 29.699, 158.768, 1.23233, 9.91778, 5, 2.09798, 5, 10.0453, 0, 9.91778, 5, 0.431056, -2.01935, 0.658973, 3.0644;
595, 29.749, 159.271, 0.729246, 10.2454, 5, 2.09776, 4.99623, 10.3732, 0, 10.2454, 5, 0.0356028, -1.5875, 0.510823, 3.10772;
596, 29.799, 159.79, 0.210156, 10.5693, 5, 2.07281, 4.58363, 10.699, 0, 10.5693, 5, -0.384668, -1.12642, 0.355035, 3.17271;
597, 29.849, 160.325, -0.324675, 10.8908, 5, 2.00493, 3.7993, 11.0223, 0, 10.8908, 5, -0.766418, -0.721928, 0.223095, 3.23597;
598, 29.899, 160.875, -0.875032, 11.2083, 5, 1.87758, 2.67739, 11.3414, 0, 11.2083, 5, -1.1128, -0.367216, 0.111369, 3.29728;
599, 29.949, 161.44, -1.44017, 11.514, 5, 1.67612, 1.25522, 11.6485, 0, 11.514, 5, -1.42062, -0.0622184, 0.0185437, 3.35523;
600, 29.999, 162.019, -2.01949, 11.8304, 5, 1.38628, -0.454807, 11.9663, 0, 11.8304, 5, -1.7155, 0.22056, -0.0646018, 3.41414;
601, 30.049, 162.615, -2.61461, 12.1483, 5, 0.994848, -2.43304, 12.2856, 0, 12.1483, 5, -1.99003, 0.475239, -0.136867, 3.47227;
602, 30.099, 163.225, -3.22526, 12.4632, 5, 0.489684, -4.65824, 12.6017, 0, 12.4632, 5, -2.24262, 0.701978, -0.198926, 3.52883;
603, 30.149, 163.851, -3.85084, 12.7775, 5, -0.013734, -5, 12.9172, 0, 12.7775, 5, -2.47742, 0.905988, -0.252765, 3.58431;
604, 30.199, 164.491, -4.49118, 13.0905, 5, -0.513734, -5, 13.2312, 0, 13.0905, 5, -2.69563, 1.08955, -0.299444, 3.63858;
605, 30.249, 165.146, -5.14635, 13.4017, 5, -1.01373, -5, 13.5434, 0, 13.4017, 5, -2.89873, 1.25499, -0.339952, 3.69165;
606, 30.299, 165.816, -5.81552, 13.6394, 4.75825, -1.49923, -5, 13.7709, 0, 13.6394, 4.75825, -2.72419, 1.16453, -0.31111, 3.74315;
607, 30.349, 166.492, -6.49234, 13.7085, 1.38452, -1.6972, -3.54144, 13.6895, 0, 13.7085, 1.38452, 1.49353, -1.40769, 0.357906, 3.93313;
608, 30.399, 167.167, -7.16676, 13.4747, -4.67967, -1.09371, 4.55756, 13.183, 0, 13.4747, -4.67967, 8.22231, -4.96104, 1.14931, 4.31654;
609, 30.449, 167.818, -7.81814, 12.7516, -5, -0.586082, 5, 12.4418, 0, 12.7516, -5, 9.27321, -5.78656, 1.38144, 4.18878;
610, 30.499, 168.424, -8.42401, 11.676, -5, -0.0860825, 5, 11.3595, 0, 11.676, -5, 10.6183, -7.11182, 1.80301, 3.94441;
611, 30.549, 168.976, -8.9762, 10.6421, -5, 0.413918, 5, 10.3172, 0, 10.6421, -5, 12.25, -8.84762, 2.3946, 3.69482;
612, 30.599, 169.481, -9.48094, 9.73475, -5, 0.913918, 5, 9.40575, 0, 9.73475, -5, 13.468, -10.1504, 2.84635, 3.56612;
613, 30.649, 169.944, -9.94444, 9.02683, -5, 1.41392, 5, 8.70419, 0, 9.02683, -5, 13.3807, -9.84658, 2.68989, 3.66059;
614, 30.699, 170.382, -10.3822, 8.65233, -5, 1.91392, 5, 8.33266, 0, 8.65233, -5, 13.3189, -9.67363, 2.60546, 3.71283;
615, 30.749, 170.806, -10.8055, 8.40325, -4.98847, 2.41323, 5, 8.08586, 0, 8.40325, -4.98847, 13.2613, -9.55022, 2.54836, 3.7476;
616, 30.799, 171.216, -11.2158, 8.11446, -5, 2.91334, 5, 7.7987, 0, 8.11446, -5, 13.2117, -9.41175, 2.48278, 3.7908;
617, 30.849, 171.632, -11.6315, 8.64228, 5, 2.81334, 5, 8.7535, 0, 8.64228, 5, 1.14556, -2.57284, 0.810827, 3.17311;
618, 30.899, 172.069, -12.0688, 8.97424, 5, 2.81334, 5, 9.08036, 0, 8.97424, 5, 0.971422, -2.44427, 0.777408, 3.14412;
619, 30.949, 172.523, -12.5227, 9.28122, 5, 2.81334, 5, 9.38237, 0, 9.28122, 5, 0.803075, -2.31588, 0.742804, 3.11776;
620, 30.999, 172.993, -12.9933, 9.61037, 5, 2.81334, 5, 9.7061, 0, 9.61037, 5, 0.614619, -2.16777, 0.701555, 3.08995;
621, 31.049, 173.48, -13.4805, 9.94205, 5, 2.81334, 5, 10.0321, 0, 9.94205, 5, 0.416252, -2.00721, 0.655439, 3.0624;
622, 31.099, 173.984, -13.9843, 10.2688, 5, 2.81126, 4.96538, 10.3615, 0, 10.2688, 5, 0.00387648, -1.55213, 0.49868, 3.11247;
623, 31.149, 174.505, -14.5047, 10.5936, 5, 2.78302, 4.5235, 10.6903, 0, 10.5936, 5, -0.414753, -1.09404, 0.344305, 3.17754;
624, 31.199, 175.041, -15.0415, 10.9172, 5, 2.71038, 3.70997, 11.0175, 0, 10.9172, 5, -0.796386, -0.69077, 0.213127, 3.24112;
625, 31.249, 175.595, -15.5946, 11.2394, 5, 2.57667, 2.55649, 11.343, 0, 11.2394, 5, -1.14518, -0.334674, 0.101318, 3.30321;
626, 31.299, 176.164, -16.164, 11.5602, 5, 2.36656, 1.09092, 11.6669, 0, 11.5602, 5, -1.4651, -0.0189728, 0.00564013, 3.3639;
627, 31.349, 176.749, -16.7495, 11.8795, 5, 2.06594, -0.661838, 11.989, 0, 11.8795, 5, -1.75926, 0.261712, -0.0764528, 3.42318;
628, 31.399, 177.351, -17.351, 12.1971, 5, 1.66179, -2.67948, 12.3092, 0, 12.1971, 5, -2.03035, 0.511925, -0.147058, 3.4811;
629, 31.449, 177.969, -17.9685, 12.5129, 5, 1.14206, -4.94209, 12.6275, 0, 12.5129, 5, -2.28087, 0.735661, -0.20795, 3.53767;
630, 31.499, 178.602, -18.6018, 12.8271, 5, 0.641484, -5, 12.9439, 0, 12.8271, 5, -2.51297, 0.9363, -0.260592, 3.59297;
631, 31.549, 179.251, -19.2508, 13.1395, 5, 0.141484, -5, 13.2584, 0, 13.1395, 5, -2.72854, 1.11671, -0.306199, 3.64701;
632, 31.599, 179.915, -19.9154, 13.4502, 5, -0.358516, -5, 13.5709, 0, 13.4502, 5, -2.9292, 1.27935, -0.345785, 3.69984;
633, 31.649, 180.595, -20.5955, 13.759, 5, -0.858516, -5, 13.8815, 0, 13.759, 5, -3.11641, 1.42632, -0.3802, 3.75149;
634, 31.68, 180.595, -20.5955, 13.759, 5, -1.35852, -5, 13.8815, 0, 13.759, 5, -3.11641, 1.42632, -0.3802, 3.75149;
